shared name,Index
REACTOME_RNA_POLYMERASE_II_PRE_TRANSCRIPTION_EVENTS,1
REACTOME_INFECTIOUS_DISEASE,2
REACTOME_L1CAM_INTERACTIONS,3
REACTOME_UPTAKE_OF_DIETARY_COBALAMINS_INTO_ENTEROCYTES,4
REACTOME_DISEASES_OF_PROGRAMMED_CELL_DEATH,5
REACTOME_ESR_MEDIATED_SIGNALING,6
REACTOME_PHENYLALANINE_AND_TYROSINE_METABOLISM,7
REACTOME_GLUCOCORTICOID_BIOSYNTHESIS,8
REACTOME_INHIBITION_OF_DNA_RECOMBINATION_AT_TELOMERE,9
REACTOME_RHOA_GTPASE_CYCLE,10
REACTOME_TERMINATION_OF_O_GLYCAN_BIOSYNTHESIS,11
REACTOME_HCMV_LATE_EVENTS,12
REACTOME_EXTRA_NUCLEAR_ESTROGEN_SIGNALING,13
REACTOME_NERVOUS_SYSTEM_DEVELOPMENT,14
REACTOME_SIGNALING_BY_HEDGEHOG,15
REACTOME_N_GLYCAN_ANTENNAE_ELONGATION,16
REACTOME_CELL_DEATH_SIGNALLING_VIA_NRAGE_NRIF_AND_NADE,17
REACTOME_ARACHIDONIC_ACID_METABOLISM,18
REACTOME_SNRNP_ASSEMBLY,19
REACTOME_NEGATIVE_REGULATION_OF_FGFR2_SIGNALING,20
REACTOME_NITRIC_OXIDE_STIMULATES_GUANYLATE_CYCLASE,21
REACTOME_DNA_METHYLATION,22
REACTOME_CYTOSOLIC_SULFONATION_OF_SMALL_MOLECULES,23
KEGG_RIBOSOME,24
REACTOME_SIGNALING_BY_NUCLEAR_RECEPTORS,25
KEGG_FOCAL_ADHESION,26
REACTOME_RUNX1_REGULATES_GENES_INVOLVED_IN_MEGAKARYOCYTE_DIFFERENTIATION_AND_PLATELET_FUNCTION,27
REACTOME_PLATELET_HOMEOSTASIS,28
REACTOME_BINDING_AND_UPTAKE_OF_LIGANDS_BY_SCAVENGER_RECEPTORS,29
KEGG_BETA_ALANINE_METABOLISM,30
REACTOME_DEFECTS_IN_BIOTIN_BTN_METABOLISM,31
REACTOME_DIGESTION,32
REACTOME_PHENYLALANINE_METABOLISM,33
REACTOME_N_GLYCAN_ANTENNAE_ELONGATION_IN_THE_MEDIAL_TRANS_GOLGI,34
REACTOME_FERTILIZATION,35
REACTOME_TRANSPORT_OF_INORGANIC_CATIONS_ANIONS_AND_AMINO_ACIDS_OLIGOPEPTIDES,36
REACTOME_TRANSPORT_OF_VITAMINS_NUCLEOSIDES_AND_RELATED_MOLECULES,37
KEGG_PROPANOATE_METABOLISM,38
REACTOME_PHASE_II_CONJUGATION_OF_COMPOUNDS,39
REACTOME_FORMATION_OF_THE_BETA_CATENIN_TCF_TRANSACTIVATING_COMPLEX,40
REACTOME_MINERALOCORTICOID_BIOSYNTHESIS,41
REACTOME_PEXOPHAGY,42
REACTOME_METABOLISM_OF_WATER_SOLUBLE_VITAMINS_AND_COFACTORS,43
REACTOME_NUCLEOTIDE_SALVAGE,44
REACTOME_IMMUNOREGULATORY_INTERACTIONS_BETWEEN_A_LYMPHOID_AND_A_NON_LYMPHOID_CELL,45
REACTOME_AMYLOID_FIBER_FORMATION,46
REACTOME_MULTIFUNCTIONAL_ANION_EXCHANGERS,47
REACTOME_SIALIC_ACID_METABOLISM,48
REACTOME_DIGESTION_OF_DIETARY_LIPID,49
REACTOME_INTRACELLULAR_SIGNALING_BY_SECOND_MESSENGERS,50
REACTOME_TRANSCRIPTION_OF_THE_HIV_GENOME,51
REACTOME_HIV_LIFE_CYCLE,52
KEGG_ADHERENS_JUNCTION,53
REACTOME_TRANSCRIPTIONAL_REGULATION_BY_SMALL_RNAS,54
REACTOME_INTERACTION_BETWEEN_L1_AND_ANKYRINS,55
KEGG_ALLOGRAFT_REJECTION,56
KEGG_TGF_BETA_SIGNALING_PATHWAY,57
REACTOME_EXPORT_OF_VIRAL_RIBONUCLEOPROTEINS_FROM_NUCLEUS,58
KEGG_STEROID_HORMONE_BIOSYNTHESIS,59
REACTOME_ION_HOMEOSTASIS,60
REACTOME_MAPK6_MAPK4_SIGNALING,61
REACTOME_ONCOGENE_INDUCED_SENESCENCE,62
REACTOME_PIWI_INTERACTING_RNA_PIRNA_BIOGENESIS,63
KEGG_OXIDATIVE_PHOSPHORYLATION,64
REACTOME_B_WICH_COMPLEX_POSITIVELY_REGULATES_RRNA_EXPRESSION,65
REACTOME_METABOLISM_OF_RNA,66
KEGG_TIGHT_JUNCTION,67
REACTOME_HCMV_INFECTION,68
KEGG_METABOLISM_OF_XENOBIOTICS_BY_CYTOCHROME_P450,69
REACTOME_G_ALPHA_Z_SIGNALLING_EVENTS,70
REACTOME_ACTIVATION_OF_ANTERIOR_HOX_GENES_IN_HINDBRAIN_DEVELOPMENT_DURING_EARLY_EMBRYOGENESIS,71
REACTOME_G_ALPHA_S_SIGNALLING_EVENTS,72
REACTOME_VASOPRESSIN_REGULATES_RENAL_WATER_HOMEOSTASIS_VIA_AQUAPORINS,73
REACTOME_INTRA_GOLGI_TRAFFIC,74
REACTOME_HSF1_DEPENDENT_TRANSACTIVATION,75
REACTOME_NEGATIVE_REGULATION_OF_FGFR3_SIGNALING,76
REACTOME_TELOMERE_MAINTENANCE,77
REACTOME_HDR_THROUGH_SINGLE_STRAND_ANNEALING_SSA,78
PID_FANCONI_PATHWAY,79
KEGG_ANTIGEN_PROCESSING_AND_PRESENTATION,80
REACTOME_HIGHLY_SODIUM_PERMEABLE_POSTSYNAPTIC_ACETYLCHOLINE_NICOTINIC_RECEPTORS,81
REACTOME_PROCESSING_OF_CAPPED_INTRONLESS_PRE_MRNA,82
REACTOME_RNA_POLYMERASE_II_TRANSCRIPTION,83
REACTOME_LAMININ_INTERACTIONS,84
REACTOME_ERCC6_CSB_AND_EHMT2_G9A_POSITIVELY_REGULATE_RRNA_EXPRESSION,85
REACTOME_MITOTIC_PROPHASE,86
REACTOME_AMINE_LIGAND_BINDING_RECEPTORS,87
REACTOME_REGULATION_OF_RUNX1_EXPRESSION_AND_ACTIVITY,88
REACTOME_G_PROTEIN_MEDIATED_EVENTS,89
REACTOME_SENSORY_PERCEPTION,90
REACTOME_BIOTIN_TRANSPORT_AND_METABOLISM,91
REACTOME_SYNTHESIS_OF_BILE_ACIDS_AND_BILE_SALTS_VIA_7ALPHA_HYDROXYCHOLESTEROL,92
REACTOME_ADP_SIGNALLING_THROUGH_P2Y_PURINOCEPTOR_1,93
KEGG_PRIMARY_BILE_ACID_BIOSYNTHESIS,94
REACTOME_SIGNALING_BY_RECEPTOR_TYROSINE_KINASES,95
REACTOME_GPER1_SIGNALING,96
REACTOME_G2_M_DNA_DAMAGE_CHECKPOINT,97
REACTOME_PREDNISONE_ADME,98
REACTOME_INFLUENZA_INFECTION,99
REACTOME_STRIATED_MUSCLE_CONTRACTION,100
REACTOME_PEROXISOMAL_PROTEIN_IMPORT,101
REACTOME_ROLE_OF_SECOND_MESSENGERS_IN_NETRIN_1_SIGNALING,102
REACTOME_INTERACTION_WITH_CUMULUS_CELLS_AND_THE_ZONA_PELLUCIDA,103
REACTOME_NEGATIVE_EPIGENETIC_REGULATION_OF_RRNA_EXPRESSION,104
REACTOME_SMOOTH_MUSCLE_CONTRACTION,105
REACTOME_METABOLISM_OF_AMINO_ACIDS_AND_DERIVATIVES,106
REACTOME_EUKARYOTIC_TRANSLATION_INITIATION,107
REACTOME_SEMAPHORIN_INTERACTIONS,108
REACTOME_NEGATIVE_REGULATION_OF_FGFR1_SIGNALING,109
KEGG_COMPLEMENT_AND_COAGULATION_CASCADES,110
KEGG_P53_SIGNALING_PATHWAY,111
REACTOME_CREB1_PHOSPHORYLATION_THROUGH_NMDA_RECEPTOR_MEDIATED_ACTIVATION_OF_RAS_SIGNALING,112
REACTOME_PEPTIDE_LIGAND_BINDING_RECEPTORS,113
KEGG_FATTY_ACID_METABOLISM,114
REACTOME_MEMBRANE_TRAFFICKING,115
REACTOME_PROCESSING_OF_CAPPED_INTRON_CONTAINING_PRE_MRNA,116
REACTOME_P75_NTR_RECEPTOR_MEDIATED_SIGNALLING,117
REACTOME_METABOLISM_OF_LIPIDS,118
REACTOME_VOLTAGE_GATED_POTASSIUM_CHANNELS,119
KEGG_PATHWAYS_IN_CANCER,120
REACTOME_HIGHLY_CALCIUM_PERMEABLE_NICOTINIC_ACETYLCHOLINE_RECEPTORS,121
KEGG_GLYCINE_SERINE_AND_THREONINE_METABOLISM,122
REACTOME_NONHOMOLOGOUS_END_JOINING_NHEJ,123
KEGG_TYPE_I_DIABETES_MELLITUS,124
REACTOME_NRAGE_SIGNALS_DEATH_THROUGH_JNK,125
REACTOME_GLYCEROPHOSPHOLIPID_BIOSYNTHESIS,126
KEGG_CYSTEINE_AND_METHIONINE_METABOLISM,127
REACTOME_RECYCLING_PATHWAY_OF_L1,128
REACTOME_MITOCHONDRIAL_TRNA_AMINOACYLATION,129
REACTOME_BILE_ACID_AND_BILE_SALT_METABOLISM,130
REACTOME_PEROXISOMAL_LIPID_METABOLISM,131
KEGG_JAK_STAT_SIGNALING_PATHWAY,132
REACTOME_SEROTONIN_NEUROTRANSMITTER_RELEASE_CYCLE,133
REACTOME_BETA_CATENIN_INDEPENDENT_WNT_SIGNALING,134
REACTOME_NONSENSE_MEDIATED_DECAY_NMD,135
REACTOME_SIGNALING_BY_TGFB_FAMILY_MEMBERS,136
REACTOME_GLYCOLYSIS,137
REACTOME_MYD88_INDEPENDENT_TLR4_CASCADE,138
REACTOME_INTRINSIC_PATHWAY_OF_FIBRIN_CLOT_FORMATION,139
REACTOME_HOST_INTERACTIONS_OF_HIV_FACTORS,140
REACTOME_HOMOLOGOUS_DNA_PAIRING_AND_STRAND_EXCHANGE,141
REACTOME_COOPERATION_OF_PREFOLDIN_AND_TRIC_CCT_IN_ACTIN_AND_TUBULIN_FOLDING,142
REACTOME_REGULATION_OF_BACH1_ACTIVITY,143
REACTOME_METABOLIC_DISORDERS_OF_BIOLOGICAL_OXIDATION_ENZYMES,144
REACTOME_SIGNALING_BY_WNT,145
REACTOME_PROTEIN_FOLDING,146
REACTOME_HIV_TRANSCRIPTION_ELONGATION,147
REACTOME_GLUCAGON_TYPE_LIGAND_RECEPTORS,148
REACTOME_SIGNAL_AMPLIFICATION,149
REACTOME_FORMATION_OF_TUBULIN_FOLDING_INTERMEDIATES_BY_CCT_TRIC,150
REACTOME_MUCOPOLYSACCHARIDOSES,151
REACTOME_HEME_DEGRADATION,152
REACTOME_ACTIVATION_OF_NMDA_RECEPTORS_AND_POSTSYNAPTIC_EVENTS,153
REACTOME_COOPERATION_OF_PDCL_PHLP1_AND_TRIC_CCT_IN_G_PROTEIN_BETA_FOLDING,154
REACTOME_MRNA_SPLICING,155
REACTOME_CELL_JUNCTION_ORGANIZATION,156
REACTOME_SIGNALING_BY_NOTCH,157
REACTOME_PHASE_I_FUNCTIONALIZATION_OF_COMPOUNDS,158
REACTOME_MITOCHONDRIAL_FATTY_ACID_BETA_OXIDATION,159
REACTOME_ER_TO_GOLGI_ANTEROGRADE_TRANSPORT,160
REACTOME_TRANSCRIPTIONAL_REGULATION_BY_TP53,161
REACTOME_DNA_REPAIR,162
REACTOME_RESPIRATORY_ELECTRON_TRANSPORT_ATP_SYNTHESIS_BY_CHEMIOSMOTIC_COUPLING_AND_HEAT_PRODUCTION_BY_UNCOUPLING_PROTEINS,163
REACTOME_PROTEIN_PROTEIN_INTERACTIONS_AT_SYNAPSES,164
REACTOME_HDACS_DEACETYLATE_HISTONES,165
REACTOME_DEGRADATION_OF_CYSTEINE_AND_HOMOCYSTEINE,166
REACTOME_RNA_POLYMERASE_I_TRANSCRIPTION,167
KEGG_TYROSINE_METABOLISM,168
KEGG_VALINE_LEUCINE_AND_ISOLEUCINE_DEGRADATION,169
REACTOME_HDR_THROUGH_HOMOLOGOUS_RECOMBINATION_HRR,170
KEGG_TRYPTOPHAN_METABOLISM,171
REACTOME_TICAM1_RIP1_MEDIATED_IKK_COMPLEX_RECRUITMENT,172
REACTOME_ADHERENS_JUNCTIONS_INTERACTIONS,173
REACTOME_ERYTHROCYTES_TAKE_UP_CARBON_DIOXIDE_AND_RELEASE_OXYGEN,174
REACTOME_AFLATOXIN_ACTIVATION_AND_DETOXIFICATION,175
REACTOME_G_PROTEIN_BETA_GAMMA_SIGNALLING,176
KEGG_ARGININE_AND_PROLINE_METABOLISM,177
REACTOME_TRANSPORT_OF_MATURE_MRNAS_DERIVED_FROM_INTRONLESS_TRANSCRIPTS,178
REACTOME_G_ALPHA_Q_SIGNALLING_EVENTS,179
KEGG_SMALL_CELL_LUNG_CANCER,180
REACTOME_GABA_RECEPTOR_ACTIVATION,181
REACTOME_DEFECTS_IN_VITAMIN_AND_COFACTOR_METABOLISM,182
REACTOME_TRP_CHANNELS,183
REACTOME_SEMA4D_INDUCED_CELL_MIGRATION_AND_GROWTH_CONE_COLLAPSE,184
REACTOME_TGF_BETA_RECEPTOR_SIGNALING_ACTIVATES_SMADS,185
REACTOME_CYTOCHROME_P450_ARRANGED_BY_SUBSTRATE_TYPE,186
REACTOME_NEURONAL_SYSTEM,187
REACTOME_SYNTHESIS_OF_PC,188
REACTOME_FORMATION_OF_THE_CORNIFIED_ENVELOPE,189
REACTOME_DISEASES_OF_METABOLISM,190
REACTOME_SIGNALING_BY_FGFR,191
REACTOME_TRANSLATION,192
KEGG_ALANINE_ASPARTATE_AND_GLUTAMATE_METABOLISM,193
REACTOME_SIGNALING_BY_ROBO_RECEPTORS,194
REACTOME_PYRIMIDINE_SALVAGE,195
REACTOME_METABOLISM_OF_STEROIDS,196
REACTOME_G_ALPHA_I_SIGNALLING_EVENTS,197
REACTOME_TYROSINE_CATABOLISM,198
REACTOME_PRC2_METHYLATES_HISTONES_AND_DNA,199
REACTOME_RAC2_GTPASE_CYCLE,200
KEGG_HEMATOPOIETIC_CELL_LINEAGE,201
REACTOME_SPHINGOLIPID_METABOLISM,202
REACTOME_PROTEIN_LOCALIZATION,203
REACTOME_SIGNALING_BY_RHO_GTPASES_MIRO_GTPASES_AND_RHOBTB3,204
REACTOME_CELL_CELL_COMMUNICATION,205
KEGG_PARKINSONS_DISEASE,206
REACTOME_RESOLUTION_OF_D_LOOP_STRUCTURES,207
REACTOME_ANDROGEN_BIOSYNTHESIS,208
REACTOME_CYTOKINE_SIGNALING_IN_IMMUNE_SYSTEM,209
REACTOME_DNA_DAMAGE_TELOMERE_STRESS_INDUCED_SENESCENCE,210
REACTOME_ERYTHROCYTES_TAKE_UP_OXYGEN_AND_RELEASE_CARBON_DIOXIDE,211
KEGG_PPAR_SIGNALING_PATHWAY,212
REACTOME_MUSCARINIC_ACETYLCHOLINE_RECEPTORS,213
REACTOME_NCAM1_INTERACTIONS,214
REACTOME_SLC_MEDIATED_TRANSMEMBRANE_TRANSPORT,215
REACTOME_PROCESSING_OF_INTRONLESS_PRE_MRNAS,216
REACTOME_RETROGRADE_NEUROTROPHIN_SIGNALLING,217
REACTOME_RESPONSE_OF_EIF2AK4_GCN2_TO_AMINO_ACID_DEFICIENCY,218
REACTOME_RECYCLING_OF_BILE_ACIDS_AND_SALTS,219
REACTOME_ADENYLATE_CYCLASE_INHIBITORY_PATHWAY,220
REACTOME_RESPIRATORY_ELECTRON_TRANSPORT,221
REACTOME_CELLULAR_RESPONSE_TO_HEAT_STRESS,222
REACTOME_UNBLOCKING_OF_NMDA_RECEPTORS_GLUTAMATE_BINDING_AND_ACTIVATION,223
REACTOME_MEIOTIC_SYNAPSIS,224
REACTOME_GLUCAGON_LIKE_PEPTIDE_1_GLP1_REGULATES_INSULIN_SECRETION,225
REACTOME_UREA_CYCLE,226
REACTOME_INACTIVATION_OF_CDC42_AND_RAC1,227
REACTOME_MEIOSIS,228
REACTOME_TCF_DEPENDENT_SIGNALING_IN_RESPONSE_TO_WNT,229
REACTOME_EUKARYOTIC_TRANSLATION_ELONGATION,230
REACTOME_RECOGNITION_AND_ASSOCIATION_OF_DNA_GLYCOSYLASE_WITH_SITE_CONTAINING_AN_AFFECTED_PURINE,231
REACTOME_REGULATION_OF_INSULIN_SECRETION,232
REACTOME_TRANSPORT_OF_BILE_SALTS_AND_ORGANIC_ACIDS_METAL_IONS_AND_AMINE_COMPOUNDS,233
REACTOME_COPI_INDEPENDENT_GOLGI_TO_ER_RETROGRADE_TRAFFIC,234
REACTOME_PTK6_REGULATES_RTKS_AND_THEIR_EFFECTORS_AKT1_AND_DOK1,235
REACTOME_BRANCHED_CHAIN_AMINO_ACID_CATABOLISM,236
REACTOME_POST_TRANSLATIONAL_PROTEIN_MODIFICATION,237
REACTOME_CARGO_RECOGNITION_FOR_CLATHRIN_MEDIATED_ENDOCYTOSIS,238
REACTOME_DEGRADATION_OF_BETA_CATENIN_BY_THE_DESTRUCTION_COMPLEX,239
REACTOME_SIRT1_NEGATIVELY_REGULATES_RRNA_EXPRESSION,240
REACTOME_INTERLEUKIN_17_SIGNALING,241
REACTOME_PTEN_REGULATION,242
REACTOME_OXIDATIVE_STRESS_INDUCED_SENESCENCE,243
REACTOME_DRUG_MEDIATED_INHIBITION_OF_CDK4_CDK6_ACTIVITY,244
REACTOME_DRUG_ADME,245
REACTOME_ERKS_ARE_INACTIVATED,246
REACTOME_VITAMIN_D_CALCIFEROL_METABOLISM,247
REACTOME_HEDGEHOG_OFF_STATE,248
REACTOME_E3_UBIQUITIN_LIGASES_UBIQUITINATE_TARGET_PROTEINS,249
REACTOME_AMINO_ACID_TRANSPORT_ACROSS_THE_PLASMA_MEMBRANE,250
REACTOME_TRANSCRIPTIONAL_REGULATION_OF_GRANULOPOIESIS,251
REACTOME_ASSEMBLY_AND_CELL_SURFACE_PRESENTATION_OF_NMDA_RECEPTORS,252
REACTOME_SARS_COV_2_HOST_INTERACTIONS,253
REACTOME_RESPONSE_OF_MTB_TO_PHAGOCYTOSIS,254
REACTOME_REGULATION_OF_HSF1_MEDIATED_HEAT_SHOCK_RESPONSE,255
REACTOME_ATTENUATION_PHASE,256
REACTOME_SUMOYLATION_OF_INTRACELLULAR_RECEPTORS,257
REACTOME_FORMATION_OF_FIBRIN_CLOT_CLOTTING_CASCADE,258
REACTOME_RHO_GTPASE_CYCLE,259
REACTOME_VIRAL_MESSENGER_RNA_SYNTHESIS,260
KEGG_ABC_TRANSPORTERS,261
REACTOME_DISEASES_OF_SIGNAL_TRANSDUCTION_BY_GROWTH_FACTOR_RECEPTORS_AND_SECOND_MESSENGERS,262
REACTOME_SENSORY_PROCESSING_OF_SOUND,263
REACTOME_BETA_OXIDATION_OF_VERY_LONG_CHAIN_FATTY_ACIDS,264
REACTOME_CYCLIN_D_ASSOCIATED_EVENTS_IN_G1,265
REACTOME_DEATH_RECEPTOR_SIGNALING,266
REACTOME_DEGRADATION_OF_THE_EXTRACELLULAR_MATRIX,267
REACTOME_CHOLINE_CATABOLISM,268
REACTOME_IRAK4_DEFICIENCY_TLR2_4,269
REACTOME_HYALURONAN_UPTAKE_AND_DEGRADATION,270
REACTOME_NEUREXINS_AND_NEUROLIGINS,271
REACTOME_BIOLOGICAL_OXIDATIONS,272
REACTOME_TRANSPORT_OF_SMALL_MOLECULES,273
REACTOME_NUCLEAR_ENVELOPE_NE_REASSEMBLY,274
REACTOME_OLFACTORY_SIGNALING_PATHWAY,275
REACTOME_MUSCLE_CONTRACTION,276
REACTOME_RAC3_GTPASE_CYCLE,277
REACTOME_GPCR_LIGAND_BINDING,278
REACTOME_APOPTOTIC_EXECUTION_PHASE,279
REACTOME_MITOTIC_PROMETAPHASE,280
REACTOME_MET_PROMOTES_CELL_MOTILITY,281
KEGG_AXON_GUIDANCE,282
REACTOME_BUDDING_AND_MATURATION_OF_HIV_VIRION,283
REACTOME_TNFR1_INDUCED_NFKAPPAB_SIGNALING_PATHWAY,284
REACTOME_NETRIN_1_SIGNALING,285
REACTOME_G_ALPHA_12_13_SIGNALLING_EVENTS,286
REACTOME_NEGATIVE_REGULATION_OF_NMDA_RECEPTOR_MEDIATED_NEURONAL_TRANSMISSION,287
REACTOME_FGFR2_ALTERNATIVE_SPLICING,288
REACTOME_HOMOLOGY_DIRECTED_REPAIR,289
KEGG_NITROGEN_METABOLISM,290
REACTOME_THE_PHOTOTRANSDUCTION_CASCADE,291
REACTOME_ELECTRIC_TRANSMISSION_ACROSS_GAP_JUNCTIONS,292
REACTOME_FLT3_SIGNALING_BY_CBL_MUTANTS,293
REACTOME_UB_SPECIFIC_PROCESSING_PROTEASES,294
KEGG_GRAFT_VERSUS_HOST_DISEASE,295
REACTOME_DCC_MEDIATED_ATTRACTIVE_SIGNALING,296
REACTOME_ANTIMICROBIAL_PEPTIDES,297
REACTOME_CA2_PATHWAY,298
REACTOME_MAPK_TARGETS_NUCLEAR_EVENTS_MEDIATED_BY_MAP_KINASES,299
REACTOME_DEFECTIVE_GALNT3_CAUSES_HFTC,300
REACTOME_FORMATION_OF_THE_EARLY_ELONGATION_COMPLEX,301
REACTOME_G_BETA_GAMMA_SIGNALLING_THROUGH_PI3KGAMMA,302
REACTOME_ACYL_CHAIN_REMODELLING_OF_PC,303
REACTOME_RHO_GTPASES_ACTIVATE_PKNS,304
REACTOME_PRESYNAPTIC_FUNCTION_OF_KAINATE_RECEPTORS,305
REACTOME_RAS_ACTIVATION_UPON_CA2_INFLUX_THROUGH_NMDA_RECEPTOR,306
REACTOME_RECEPTOR_TYPE_TYROSINE_PROTEIN_PHOSPHATASES,307
REACTOME_POTASSIUM_CHANNELS,308
REACTOME_TRANSPORT_OF_THE_SLBP_DEPENDANT_MATURE_MRNA,309
REACTOME_ADRENALINE_NORADRENALINE_INHIBITS_INSULIN_SECRETION,310
REACTOME_COMPLEX_I_BIOGENESIS,311
KEGG_GALACTOSE_METABOLISM,312
REACTOME_PARASITE_INFECTION,313
REACTOME_CELLULAR_SENESCENCE,314
REACTOME_VESICLE_MEDIATED_TRANSPORT,315
REACTOME_THE_CITRIC_ACID_TCA_CYCLE_AND_RESPIRATORY_ELECTRON_TRANSPORT,316
REACTOME_FANCONI_ANEMIA_PATHWAY,317
KEGG_GNRH_SIGNALING_PATHWAY,318
REACTOME_NEGATIVE_REGULATION_OF_MAPK_PATHWAY,319
REACTOME_SIGNALING_BY_INTERLEUKINS,320
REACTOME_SIGNALING_BY_FGFR2_IIIA_TM,321
REACTOME_FGFR2_MUTANT_RECEPTOR_ACTIVATION,322
REACTOME_RIPK1_MEDIATED_REGULATED_NECROSIS,323
REACTOME_NUCLEAR_ENVELOPE_BREAKDOWN,324
REACTOME_ESTROGEN_DEPENDENT_GENE_EXPRESSION,325
REACTOME_NEUROTOXICITY_OF_CLOSTRIDIUM_TOXINS,326
KEGG_REGULATION_OF_ACTIN_CYTOSKELETON,327
REACTOME_VITAMINS,328
KEGG_GAP_JUNCTION,329
REACTOME_SIGNALING_BY_NTRKS,330
REACTOME_FORMATION_OF_SENESCENCE_ASSOCIATED_HETEROCHROMATIN_FOCI_SAHF,331
REACTOME_DISEASES_OF_DNA_REPAIR,332
REACTOME_MITOCHONDRIAL_TRANSLATION,333
KEGG_SPLICEOSOME,334
REACTOME_IONOTROPIC_ACTIVITY_OF_KAINATE_RECEPTORS,335
REACTOME_HIGHLY_CALCIUM_PERMEABLE_POSTSYNAPTIC_NICOTINIC_ACETYLCHOLINE_RECEPTORS,336
REACTOME_CONDENSATION_OF_PROPHASE_CHROMOSOMES,337
REACTOME_CELLULAR_RESPONSE_TO_STARVATION,338
REACTOME_CIPROFLOXACIN_ADME,339
REACTOME_POSITIVE_EPIGENETIC_REGULATION_OF_RRNA_EXPRESSION,340
REACTOME_PKMTS_METHYLATE_HISTONE_LYSINES,341
REACTOME_GLUTATHIONE_CONJUGATION,342
REACTOME_HCMV_EARLY_EVENTS,343
REACTOME_MRNA_SPLICING_MINOR_PATHWAY,344
REACTOME_O_GLYCOSYLATION_OF_TSR_DOMAIN_CONTAINING_PROTEINS,345
REACTOME_EPH_EPHRIN_MEDIATED_REPULSION_OF_CELLS,346
REACTOME_NUCLEAR_EVENTS_KINASE_AND_TRANSCRIPTION_FACTOR_ACTIVATION,347
REACTOME_SYNTHESIS_OF_BILE_ACIDS_AND_BILE_SALTS_VIA_24_HYDROXYCHOLESTEROL,348
REACTOME_RHOG_GTPASE_CYCLE,349
REACTOME_SENSORY_PROCESSING_OF_SOUND_BY_OUTER_HAIR_CELLS_OF_THE_COCHLEA,350
REACTOME_RUNX1_REGULATES_TRANSCRIPTION_OF_GENES_INVOLVED_IN_DIFFERENTIATION_OF_HSCS,351
REACTOME_DNA_REPLICATION,352
REACTOME_SYNTHESIS_OF_BILE_ACIDS_AND_BILE_SALTS_VIA_27_HYDROXYCHOLESTEROL,353
REACTOME_SEMA4D_IN_SEMAPHORIN_SIGNALING,354
REACTOME_SIGNALING_BY_ALK_IN_CANCER,355
REACTOME_ANTIGEN_PROCESSING_UBIQUITINATION_PROTEASOME_DEGRADATION,356
REACTOME_MITOCHONDRIAL_FATTY_ACID_BETA_OXIDATION_OF_SATURATED_FATTY_ACIDS,357
KEGG_DRUG_METABOLISM_CYTOCHROME_P450,358
KEGG_OLFACTORY_TRANSDUCTION,359
REACTOME_ACTIVATED_TAK1_MEDIATES_P38_MAPK_ACTIVATION,360
REACTOME_RNA_POLYMERASE_I_PROMOTER_ESCAPE,361
REACTOME_CARDIAC_CONDUCTION,362
REACTOME_MATURATION_OF_SARS_COV_2_SPIKE_PROTEIN,363
REACTOME_GENE_SILENCING_BY_RNA,364
REACTOME_PHASE_0_RAPID_DEPOLARISATION,365
REACTOME_PROTEIN_UBIQUITINATION,366
REACTOME_ACTIVATION_OF_KAINATE_RECEPTORS_UPON_GLUTAMATE_BINDING,367
KEGG_MAPK_SIGNALING_PATHWAY,368
REACTOME_NEUROTRANSMITTER_RECEPTORS_AND_POSTSYNAPTIC_SIGNAL_TRANSMISSION,369
REACTOME_DNA_DOUBLE_STRAND_BREAK_REPAIR,370
REACTOME_SIGNALING_BY_TGF_BETA_RECEPTOR_COMPLEX,371
REACTOME_RMTS_METHYLATE_HISTONE_ARGININES,372
REACTOME_OVARIAN_TUMOR_DOMAIN_PROTEASES,373
REACTOME_TYPE_I_HEMIDESMOSOME_ASSEMBLY,374
REACTOME_LONG_TERM_POTENTIATION,375
REACTOME_NON_INTEGRIN_MEMBRANE_ECM_INTERACTIONS,376
REACTOME_DEUBIQUITINATION,377
REACTOME_PRE_NOTCH_EXPRESSION_AND_PROCESSING,378
REACTOME_G_PROTEIN_ACTIVATION,379
KEGG_CYTOKINE_CYTOKINE_RECEPTOR_INTERACTION,380
REACTOME_OPIOID_SIGNALLING,381
REACTOME_GLYCOSPHINGOLIPID_METABOLISM,382
KEGG_ECM_RECEPTOR_INTERACTION,383
REACTOME_CLASS_A_1_RHODOPSIN_LIKE_RECEPTORS,384
REACTOME_DOPAMINE_NEUROTRANSMITTER_RELEASE_CYCLE,385
REACTOME_PREVENTION_OF_PHAGOSOMAL_LYSOSOMAL_FUSION,386
REACTOME_DEVELOPMENTAL_BIOLOGY,387
REACTOME_CLATHRIN_MEDIATED_ENDOCYTOSIS,388
REACTOME_TRANSPORT_OF_MATURE_TRANSCRIPT_TO_CYTOPLASM,389
KEGG_NEUROACTIVE_LIGAND_RECEPTOR_INTERACTION,390
REACTOME_DNA_REPLICATION_PRE_INITIATION,391
REACTOME_KERATINIZATION,392
REACTOME_GABA_B_RECEPTOR_ACTIVATION,393
REACTOME_ABORTIVE_ELONGATION_OF_HIV_1_TRANSCRIPT_IN_THE_ABSENCE_OF_TAT,394
REACTOME_HDMS_DEMETHYLATE_HISTONES,395
REACTOME_COBALAMIN_CBL_VITAMIN_B12_TRANSPORT_AND_METABOLISM,396
REACTOME_SIGNALING_BY_FGFR2,397
REACTOME_SIGNALING_BY_FGFR1,398
REACTOME_CA_DEPENDENT_EVENTS,399
REACTOME_RHO_GTPASES_ACTIVATE_WASPS_AND_WAVES,400
REACTOME_KERATAN_SULFATE_KERATIN_METABOLISM,401
REACTOME_PROSTACYCLIN_SIGNALLING_THROUGH_PROSTACYCLIN_RECEPTOR,402
REACTOME_GLYOXYLATE_METABOLISM_AND_GLYCINE_DEGRADATION,403
REACTOME_MITOTIC_SPINDLE_CHECKPOINT,404
REACTOME_SIGNALING_BY_GPCR,405
REACTOME_MEIOTIC_RECOMBINATION,406
REACTOME_TRANSCRIPTIONAL_REGULATION_BY_RUNX1,407
REACTOME_REGULATION_OF_EXPRESSION_OF_SLITS_AND_ROBOS,408
REACTOME_CHROMATIN_MODIFYING_ENZYMES,409
REACTOME_SUMOYLATION_OF_CHROMATIN_ORGANIZATION_PROTEINS,410
KEGG_CALCIUM_SIGNALING_PATHWAY,411
KEGG_SULFUR_METABOLISM,412
REACTOME_SPRY_REGULATION_OF_FGF_SIGNALING,413
REACTOME_SENESCENCE_ASSOCIATED_SECRETORY_PHENOTYPE_SASP,414
REACTOME_TRYPTOPHAN_CATABOLISM,415
REACTOME_TRANSMISSION_ACROSS_CHEMICAL_SYNAPSES,416
REACTOME_FORMATION_OF_RNA_POL_II_ELONGATION_COMPLEX,417
REACTOME_HIV_INFECTION,418
REACTOME_SRP_DEPENDENT_COTRANSLATIONAL_PROTEIN_TARGETING_TO_MEMBRANE,419
REACTOME_COPII_MEDIATED_VESICLE_TRANSPORT,420
REACTOME_CELLULAR_RESPONSES_TO_STIMULI,421
REACTOME_TNF_SIGNALING,422
REACTOME_ACETYLCHOLINE_BINDING_AND_DOWNSTREAM_EVENTS,423
REACTOME_NEDDYLATION,424
REACTOME_SULFUR_AMINO_ACID_METABOLISM,425
REACTOME_INTEGRATION_OF_ENERGY_METABOLISM,426
REACTOME_METABOLISM_OF_VITAMINS_AND_COFACTORS,427
REACTOME_METABOLISM_OF_STEROID_HORMONES,428
REACTOME_ACTIVATION_OF_AMPK_DOWNSTREAM_OF_NMDARS,429
REACTOME_O_LINKED_GLYCOSYLATION_OF_MUCINS,430
REACTOME_ACTIVATED_PKN1_STIMULATES_TRANSCRIPTION_OF_AR_ANDROGEN_RECEPTOR_REGULATED_GENES_KLK2_AND_KLK3,431
REACTOME_INWARDLY_RECTIFYING_K_CHANNELS,432
REACTOME_REGULATION_OF_GLUCOKINASE_BY_GLUCOKINASE_REGULATORY_PROTEIN,433
REACTOME_ERK_MAPK_TARGETS,434
REACTOME_THROMBOXANE_SIGNALLING_THROUGH_TP_RECEPTOR,435
REACTOME_TOXICITY_OF_BOTULINUM_TOXIN_TYPE_D_BOTD,436
REACTOME_MAPK_FAMILY_SIGNALING_CASCADES,437
REACTOME_SLBP_DEPENDENT_PROCESSING_OF_REPLICATION_DEPENDENT_HISTONE_PRE_MRNAS,438
KEGG_PURINE_METABOLISM,439
REACTOME_SPERM_MOTILITY_AND_TAXES,440
REACTOME_RNA_POLYMERASE_II_TRANSCRIPTION_TERMINATION,441
KEGG_PEROXISOME,442
REACTOME_NCAM_SIGNALING_FOR_NEURITE_OUT_GROWTH,443
REACTOME_PROCESSING_OF_DNA_DOUBLE_STRAND_BREAK_ENDS,444
REACTOME_DAG_AND_IP3_SIGNALING,445
REACTOME_DIGESTION_AND_ABSORPTION,446
REACTOME_ASSEMBLY_OF_THE_ORC_COMPLEX_AT_THE_ORIGIN_OF_REPLICATION,447
REACTOME_FATTY_ACID_METABOLISM,448
REACTOME_HATS_ACETYLATE_HISTONES,449
REACTOME_GLYCOGEN_METABOLISM,450
REACTOME_FCGAMMA_RECEPTOR_FCGR_DEPENDENT_PHAGOCYTOSIS,451
REACTOME_RESOLUTION_OF_D_LOOP_STRUCTURES_THROUGH_SYNTHESIS_DEPENDENT_STRAND_ANNEALING_SDSA,452
,453
,454
,455
,456
