"","names.phenotypeVector.","names.commonPhenotypeVector.","phenotypeVector"
"vs_HLacoCah1","vs_HLacoCah1","Spiny mouse","Omnivore"
"vs_HLailMel2","vs_HLailMel2","Panda","Herbivore"
"vs_HLailFul2","vs_HLailFul2","Red Panda ","Omnivore"
"vs_HLallBul1","vs_HLallBul1","Gobi jerboa","Omnivore"
"vs_HLaloPal1","vs_HLaloPal1","Howler Monkey","Herbivore"
"vs_HLanoCau1","vs_HLanoCau1","Geoffroy's Long-nosed Bats","Omnivore"
"vs_HLantAme1","vs_HLantAme1","Pronghorn","Herbivore"
"vs_HLaplRuf1","vs_HLaplRuf1","Sewellel ","Herbivore"
"vs_HLartJam1","vs_HLartJam1","Neotropical Fruit Bats","Herbivore"
"vs_HLateGeo1","vs_HLateGeo1","Spider Monkeys","Omnivore"
"vs_bisBis1","vs_bisBis1","American Bison","Herbivore"
"vs_HLcalJac4","vs_HLcalJac4","Marmoset","Omnivore"
"vs_HLcamBac1","vs_HLcamBac1","Bactrian Camel","Herbivore"
"vs_HLcarPer3","vs_HLcarPer3","Short-tailed Leaf-nosed Bats","Herbivore"
"vs_HLcasCan3","vs_HLcasCan3","Beaver","Herbivore"
"vs_HLcatWag1","vs_HLcatWag1","Chacoan Peccary","Herbivore"
"vs_HLcavTsc1","vs_HLcavTsc1","Montane guinea pig","Herbivore"
"vs_HLcebAlb1","vs_HLcebAlb1","White-fronted capuchin","Omnivore"
"vs_cerAty1","vs_cerAty1","Sooty Mangabey","Herbivore"
"vs_HLcheMed1","vs_HLcheMed1","Dwarf Lemur","Omnivore"
"vs_chlSab2","vs_chlSab2","Green monkey","Omnivore"
"vs_chrAsi1","vs_chrAsi1","Cape golden mole","Insectivore"
"vs_conCri1","vs_conCri1","Star-nosed mole","Insectivore"
"vs_HLcraTho1","vs_HLcraTho1","Kitti's Hog-nosed Bat","Insectivore"
"vs_HLcriGam1","vs_HLcriGam1","African Giant Pouched Rats","Omnivore"
"vs_HLcryFer2","vs_HLcryFer2","Fossa","Vertivore"
"vs_HLcteGun1","vs_HLcteGun1","Gundi","Herbivore"
"vs_dasNov3","vs_dasNov3","Armadillo","Insectivore"
"vs_HLdauMad1","vs_HLdauMad1","Aye-ayes","Omnivore"
"vs_HLdesRot2","vs_HLdesRot2","Common Vampire Bat","Vertivore"
"vs_HLdicSum1","vs_HLdicSum1","Sumatran Rhinoceros","Herbivore"
"vs_dipOrd2","vs_dipOrd2","Ord Kangaroo Rat","Omnivore"
"vs_echTel2","vs_echTel2","Tenrec","Omnivore"
"vs_eleEdw1","vs_eleEdw1","Cape elephant shrew","Insectivore"
"vs_eptFus1","vs_eptFus1","Big brown bat","Insectivore"
"vs_equCab3","vs_equCab3","Horse","Herbivore"
"vs_eriEur2","vs_eriEur2","Hedgehog","Insectivore"
"vs_HLeryPat1","vs_HLeryPat1","Red Guenon","Herbivore"
"vs_HLescRob1","vs_HLescRob1","Gray Whale","Insectivore"
"vs_HLeulFul1","vs_HLeulFul1","Common Brown Lemur","Herbivore"
"vs_HLgliGli1","vs_HLgliGli1","Fat dormouse","Herbivore"
"vs_HLgraMur1","vs_HLgraMur1","African dormouse","Omnivore"
"vs_HLhipArm1","vs_HLhipArm1","Great Roundleaf Bat","Insectivore"
"vs_HLhipGal1","vs_HLhipGal1","Cantor's roundleaf bat","Insectivore"
"vs_HLhyaHya1","vs_HLhyaHya1","Striped hyaena","Vertivore"
"vs_HLhydHyd1","vs_HLhydHyd1","Capybara","Herbivore"
"vs_HLindInd1","vs_HLindInd1","Indri","Herbivore"
"vs_HLlniGeo1","vs_HLlniGeo1","Amazon Dolphin","Vertivore"
"vs_jacJac1","vs_jacJac1","Lesser Egyptian jerboa","Herbivore"
"vs_HLkogBre1","vs_HLkogBre1","Dwarf Sperm Whales","Insectivore"
"vs_lepWed1","vs_lepWed1","Weddell seal","Vertivore"
"vs_lipVex1","vs_lipVex1","Chinese River Dolphin","Vertivore"
"vs_HLloxAfr4","vs_HLloxAfr4","Elephant","Herbivore"
"vs_HLlycPic2","vs_HLlycPic2","African Hunting Dog ","Vertivore"
"vs_macNem1","vs_macNem1","Southern Pig-tailed Macaca","Herbivore"
"vs_HLmanJav1","vs_HLmanJav1","Sunda pangolin","Insectivore"
"vs_HLmegLyr2","vs_HLmegLyr2","Asian False Vampire Bats","Omnivore"
"vs_HLmelCap1","vs_HLmelCap1","Honey Badger","Omnivore"
"vs_HLmerUng1","vs_HLmerUng1","Jird","Omnivore"
"vs_mesAur1","vs_mesAur1","Golden hamster","Herbivore"
"vs_HLmesBid1","vs_HLmesBid1","Beaked Whale","Insectivore"
"vs_HLmicHir1","vs_HLmicHir1","Little Big-eared Bats","Omnivore"
"vs_HLminSch1","vs_HLminSch1","Common Bent-wing Bat","Insectivore"
"vs_HLmirAng2","vs_HLmirAng2","Elephant Seal","Omnivore"
"vs_HLmirCoq1","vs_HLmirCoq1","Coquerel's Dwarf Lemur","Omnivore"
"vs_monDom5","vs_monDom5","Opossum","Omnivore"
"vs_HLmorBla1","vs_HLmorBla1","Leaf-chinned Bats","Insectivore"
"vs_HLmunMug1","vs_HLmunMug1","Banded mongoose","Insectivore"
"vs_HLmusCar1","vs_HLmusCar1","Ryukyu mouse","Omnivore"
"vs_HLmusPah1","vs_HLmusPah1","Gairdner's shrewmouse","Omnivore"
"vs_HLmusAve1","vs_HLmusAve1","Common dormouse","Herbivore"
"vs_HLmusPut1","vs_HLmusPut1","Ferret","Vertivore"
"vs_HLmyoCoy1","vs_HLmyoCoy1","Nutria","Herbivore"
"vs_HLmyoMyo6","vs_HLmyoMyo6","Greater mouse-eared bat","Insectivore"
"vs_HLnocLep1","vs_HLnocLep1","Fisherman Bats","Vertivore"
"vs_HLnycCou1","vs_HLnycCou1","Slow Loris","Omnivore"
"vs_ochPri3","vs_ochPri3","Pika","Herbivore"
"vs_HLodoRos1","vs_HLodoRos1","Pacific walrus","Insectivore"
"vs_HLondZib1","vs_HLondZib1","Muskrat","Herbivore"
"vs_HLonyTor1","vs_HLonyTor1","Southern grasshopper mouse","Insectivore"
"vs_orcOrc1","vs_orcOrc1","Killer whale","Vertivore"
"vs_HLornAna3","vs_HLornAna3","Platypus","Insectivore"
"vs_oryAfe1","vs_oryAfe1","Aardvark","Insectivore"
"vs_otoGar3","vs_otoGar3","Bushbaby","Omnivore"
"vs_panTro6","vs_panTro6","Chimp","Herbivore"
"vs_HLpapAnu5","vs_HLpapAnu5","Olive Baboon","Omnivore"
"vs_HLparHer1","vs_HLparHer1","Palm Civet","Omnivore"
"vs_HLperLonPac1","vs_HLperLonPac1","Silky Pocket Mouse","Herbivore"
"vs_HLperManBai2","vs_HLperManBai2","Deer mouse","Omnivore"
"vs_HLpitPit1","vs_HLpitPit1","Saki","Omnivore"
"vs_ponAbe3","vs_ponAbe3","Orangutan","Omnivore"
"vs_HLproCap3","vs_HLproCap3","Hydrax","Herbivore"
"vs_HLpsaObe1","vs_HLpsaObe1","Fat sand rat","Herbivore"
"vs_HLratNor7","vs_HLratNor7","Rat","Omnivore"
"vs_HLrhiSin1","vs_HLrhiSin1","Horseshoe Bats","Omnivore"
"vs_HLrhiRox2","vs_HLrhiRox2","Golden Snub-nosed Langur ","Herbivore"
"vs_HLsaiBol1","vs_HLsaiBol1","Squirrel monkey","Omnivore"
"vs_HLsarHar2","vs_HLsarHar2","Tasmanian devil","Omnivore"
"vs_HLscaAqu1","vs_HLscaAqu1","Eastern American Mole","Insectivore"
"vs_HLsigHis1","vs_HLsigHis1","Cotton Rat","Omnivore"
"vs_HLsolPar1","vs_HLsolPar1","Solenodons","Omnivore"
"vs_sorAra2","vs_sorAra2","Shrew","Omnivore"
"vs_HLspeDau1","vs_HLspeDau1","Mongolian Ground Squirrel ","Omnivore"
"vs_HLspiGra1","vs_HLspiGra1","Spotted Skunk","Omnivore"
"vs_HLsurSur1","vs_HLsurSur1","Slender-tailed Meerkat","Insectivore"
"vs_susScr11","vs_susScr11","Pig","Omnivore"
"vs_HLtapInd1","vs_HLtapInd1","Malayan Tapir","Herbivore"
"vs_HLtonSau1","vs_HLtonSau1","Round-eared Bats","Insectivore"
"vs_HLuroGra1","vs_HLuroGra1","Asiatic Shrew Mole (Sichuan and Yunnan)","Insectivore"
"vs_ursMar1","vs_ursMar1","Polar Bear","Vertivore"
"vs_HLxerIna1","vs_HLxerIna1","African Ground Squirrel","Omnivore"
"vs_HLzalCal1","vs_HLzalCal1","California Sea Lion","Vertivore"
"vs_HLzapHud1","vs_HLzapHud1","Jumping Mouse","Omnivore"
"vs_HLacoRus1","vs_HLacoRus1","Golden spiny mouse","Omnivore"
"vs_HLallNig1","vs_HLallNig1","Allen's swamp monkey","Omnivore"
"vs_HLantFla1","vs_HLantFla1","Yellow-footed antechinus","Insectivore"
"vs_HLarcGaz2","vs_HLarcGaz2","Antarctic fur seal","Insectivore"
"vs_HLarvNil1","vs_HLarvNil1","African grass rat","Herbivore"
"vs_HLbalEde1","vs_HLbalEde1","Bryde's whale","Omnivore"
"vs_HLcalUrs1","vs_HLcalUrs1","Northern fur seal","Vertivore"
"vs_HLchoDid1","vs_HLchoDid1","Linnaeus's two-toed sloth","Omnivore"
"vs_HLchoHof3","vs_HLchoHof3","Hoffmann's two-toed sloth","Herbivore"
"vs_HLcynGun1","vs_HLcynGun1","Gunnison's prairie dog","Herbivore"
"vs_HLcynBra1","vs_HLcynBra1","Lesser short-nosed fruit bat","Herbivore"
"vs_HLdidVir1","vs_HLdidVir1","Virginia opossum","Omnivore"
"vs_HLdugDug1","vs_HLdugDug1","Dugong","Herbivore"
"vs_HLeriBar1","vs_HLeriBar1","Bearded seal","Omnivore"
"vs_HLeubGla1","vs_HLeubGla1","North Atlantic right whale","Insectivore"
"vs_eulMac1","vs_eulMac1","Black lemur","Herbivore"
"vs_HLeulMon1","vs_HLeulMon1","Mongoose lemur","Herbivore"
"vs_HLgirCam1","vs_HLgirCam1","Giraffe","Herbivore"
"vs_HLgloMel1","vs_HLgloMel1","Long-finned pilot whale","Insectivore"
"vs_HLgraAgi1","vs_HLgraAgi1","Agile gracile opossum","Omnivore"
"vs_HLgulGul1","vs_HLgulGul1","Wolverine","Omnivore"
"vs_HLgymLea1","vs_HLgymLea1","Leadbeater's possum","Omnivore"
"vs_HLhipAmp1","vs_HLhipAmp1","Hippopotamus","Herbivore"
"vs_HLhylMol2","vs_HLhylMol2","Silvery gibbon","Herbivore"
"vs_HLlepYer1","vs_HLlepYer1","Lesser long-nosed bat","Omnivore"
"vs_HLlepTim1","vs_HLlepTim1","Mountain hare","Herbivore"
"vs_HLlonCan1","vs_HLlonCan1","North American river otter","Vertivore"
"vs_HLmacGig1","vs_HLmacGig1","Eastern grey kangaroo","Herbivore"
"vs_HLmacCal1","vs_HLmacCal1","California leaf-nosed bat","Omnivore"
"vs_HLmanSph1","vs_HLmanSph1","Mandrill","Omnivore"
"vs_HLmanTri1","vs_HLmanTri1","Tree pangolin Old Listing Under Previous Genus","Insectivore"
"vs_HLmarFla1","vs_HLmarFla1","Yellow-bellied marmot","Herbivore"
"vs_HLmasCou1","vs_HLmasCou1","Southern multimammate mouse","Omnivore"
"vs_HLmegNov1","vs_HLmegNov1","Humpback whale","Insectivore"
"vs_HLmicTal1","vs_HLmicTal1","Talazac's shrew tenrec","Insectivore"
"vs_HLmicAgr2","vs_HLmicAgr2","Short-tailed field vole","Herbivore"
"vs_HLmolMol2","vs_HLmolMol2","Velvety free-tailed bat","Insectivore"
"vs_HLmosBer1","vs_HLmosBer1","Dwarf musk deer","Herbivore"
"vs_HLmusSpi1","vs_HLmusSpi1","Steppe mouse","Omnivore"
"vs_HLmyoGla2","vs_HLmyoGla2","Bank vole","Omnivore"
"vs_HLmyoSep1","vs_HLmyoSep1","Myotis septentrionalis","Insectivore"
"vs_HLmyrTri1","vs_HLmyrTri1","Giant anteater","Insectivore"
"vs_HLnasNar1","vs_HLnasNar1","White-nosed coati","Omnivore"
"vs_HLneoLep1","vs_HLneoLep1","Desert woodrat","Herbivore"
"vs_HLneoVis1","vs_HLneoVis1","American mink","Vertivore"
"vs_HLodoHem1","vs_HLodoHem1","Mule deer","Herbivore"
"vs_HLoviNivLyd1","vs_HLoviNivLyd1","Snow sheep","Herbivore"
"vs_HLpedCap1","vs_HLpedCap1","South African springhare","Herbivore"
"vs_HLpepEle1","vs_HLpepEle1","Melon-headed whale","Vertivore"
"vs_HLperCri1","vs_HLperCri1","Canyon mouse","Omnivore"
"vs_HLperEre1","vs_HLperEre1","Cactus mouse","Omnivore"
"vs_HLphaGym1","vs_HLphaGym1","Ground cuscus","Herbivore"
"vs_HLphaCin1","vs_HLphaCin1","Koala","Herbivore"
"vs_HLphoVit1","vs_HLphoVit1","Harbor seal","Vertivore"
"vs_HLphyDis3","vs_HLphyDis3","Pale spear-nosed bat","Omnivore"
"vs_HLplaMin1","vs_HLplaMin1","Indus river dolphin","Omnivore"
"vs_HLpotFla1","vs_HLpotFla1","Kinkajou","Omnivore"
"vs_HLproPrz1","vs_HLproPrz1","Przewalski's gazelle","Herbivore"
"vs_HLproLot1","vs_HLproLot1","Raccoon","Omnivore"
"vs_HLproSim1","vs_HLproSim1","Greater bamboo lemur","Herbivore"
"vs_HLpseCup1","vs_HLpseCup1","Coppery ringtail possum","Herbivore"
"vs_HLpteGig1","vs_HLpteGig1","Indian flying fox","Herbivore"
"vs_HLpumYag1","vs_HLpumYag1","Jaguarundi","Vertivore"
"vs_HLrhiFer5","vs_HLrhiFer5","Greater horseshoe bat","Insectivore"
"vs_HLrhiPru1","vs_HLrhiPru1","Hoary bamboo rat","Herbivore"
"vs_HLrhoOpi1","vs_HLrhoOpi1","Great gerbil","Herbivore"
"vs_HLrouLes1","vs_HLrouLes1","Leschenault's rousette","Herbivore"
"vs_HLsciCar1","vs_HLsciCar1","Eastern gray squirrel","Herbivore"
"vs_HLsouChi1","vs_HLsouChi1","Indo-Pacific humpbacked dolphin","Vertivore"
"vs_HLtacAcu1","vs_HLtacAcu1","Short-beaked echidna","Insectivore"
"vs_HLtalOcc1","vs_HLtalOcc1","Spanish mole","Insectivore"
"vs_HLtamTet1","vs_HLtamTet1","Southern tamandua","Insectivore"
"vs_HLtaxTax1","vs_HLtaxTax1","American Badger","Vertivore"
"vs_HLtheGel1","vs_HLtheGel1","Gelada","Herbivore"
"vs_HLtraKan1","vs_HLtraKan1","Lesser mouse-deer","Herbivore"
"vs_HLturAdu1","vs_HLturAdu1","Indo-Pacific bottlenose dolphin","Vertivore"
"vs_HLursArc1","vs_HLursArc1","Grizzly bear","Omnivore"
"vs_HLursThi1","vs_HLursThi1","Asian black bear","Omnivore"
"vs_HLvomUrs1","vs_HLvomUrs1","Common wombat","Herbivore"
"vs_HLvulVul1","vs_HLvulVul1","Red fox","Vertivore"
