"","cytoscapeNodes2.shared.name","match.cytoscapeNodes2.shared.name..rownames.GOOutput.."
"1","REACTOME_RESOLUTION_OF_D_LOOP_STRUCTURES_THROUGH_SYNTHESIS_DEPENDENT_STRAND_ANNEALING_SDSA",1020
"2","REACTOME_GLYCOGEN_METABOLISM",1355
"3","REACTOME_HATS_ACETYLATE_HISTONES",557
"4","REACTOME_ASSEMBLY_OF_THE_ORC_COMPLEX_AT_THE_ORIGIN_OF_REPLICATION",1099
"5","REACTOME_FATTY_ACID_METABOLISM",1351
"6","REACTOME_DIGESTION_AND_ABSORPTION",1333
"7","REACTOME_DAG_AND_IP3_SIGNALING",138
"8","REACTOME_CDC42_GTPASE_CYCLE",1380
"9","REACTOME_NCAM_SIGNALING_FOR_NEURITE_OUT_GROWTH",606
"10","KEGG_PEROXISOME",1728
"11","REACTOME_RNA_POLYMERASE_II_TRANSCRIPTION_TERMINATION",1168
"12","REACTOME_SPERM_MOTILITY_AND_TAXES",86
"13","KEGG_PURINE_METABOLISM",1664
"14","REACTOME_SLBP_DEPENDENT_PROCESSING_OF_REPLICATION_DEPENDENT_HISTONE_PRE_MRNAS",1216
"15","REACTOME_MAPK_FAMILY_SIGNALING_CASCADES",999
"16","REACTOME_TOXICITY_OF_BOTULINUM_TOXIN_TYPE_D_BOTD",862
"17","REACTOME_MITOPHAGY",851
"18","REACTOME_THROMBOXANE_SIGNALLING_THROUGH_TP_RECEPTOR",755
"19","REACTOME_ERK_MAPK_TARGETS",372
"20","REACTOME_CLEC7A_DECTIN_1_SIGNALING",904
"21","KEGG_HUNTINGTONS_DISEASE",1778
"22","REACTOME_REGULATION_OF_GLUCOKINASE_BY_GLUCOKINASE_REGULATORY_PROTEIN",244
"23","REACTOME_INWARDLY_RECTIFYING_K_CHANNELS",82
"24","REACTOME_ACTIVATED_PKN1_STIMULATES_TRANSCRIPTION_OF_AR_ANDROGEN_RECEPTOR_REGULATED_GENES_KLK2_AND_KLK3",925
"25","REACTOME_O_LINKED_GLYCOSYLATION_OF_MUCINS",1448
"26","REACTOME_UCH_PROTEINASES",1010
"27","REACTOME_METABOLISM_OF_STEROID_HORMONES",348
"28","REACTOME_METABOLISM_OF_VITAMINS_AND_COFACTORS",363
"29","REACTOME_INTEGRATION_OF_ENERGY_METABOLISM",186
"30","REACTOME_SULFUR_AMINO_ACID_METABOLISM",168
"31","REACTOME_NEDDYLATION",1317
"32","REACTOME_SUPPRESSION_OF_PHAGOSOMAL_MATURATION",1506
"33","REACTOME_TNF_SIGNALING",1200
"34","REACTOME_CELLULAR_RESPONSES_TO_STIMULI",1323
"35","REACTOME_COPII_MEDIATED_VESICLE_TRANSPORT",410
"36","REACTOME_HIV_INFECTION",176
"37","REACTOME_FORMATION_OF_RNA_POL_II_ELONGATION_COMPLEX",35
"38","REACTOME_TRANSMISSION_ACROSS_CHEMICAL_SYNAPSES",33
"39","REACTOME_TRYPTOPHAN_CATABOLISM",1141
"40","REACTOME_SENESCENCE_ASSOCIATED_SECRETORY_PHENOTYPE_SASP",508
"41","REACTOME_SPRY_REGULATION_OF_FGF_SIGNALING",80
"42","KEGG_SULFUR_METABOLISM",1697
"43","KEGG_CALCIUM_SIGNALING_PATHWAY",1717
"44","REACTOME_SUMOYLATION_OF_CHROMATIN_ORGANIZATION_PROTEINS",826
"45","REACTOME_RHO_GTPASES_ACTIVATE_IQGAPS",928
"46","REACTOME_CHROMATIN_MODIFYING_ENZYMES",564
"47","REACTOME_REGULATION_OF_EXPRESSION_OF_SLITS_AND_ROBOS",1373
"48","REACTOME_RAS_PROCESSING",1514
"49","REACTOME_TRANSCRIPTIONAL_REGULATION_BY_RUNX1",1281
"50","REACTOME_TRANSCRIPTIONAL_REGULATION_BY_RUNX2",1280
"51","REACTOME_MEIOTIC_RECOMBINATION",1443
"52","REACTOME_SIGNALING_BY_GPCR",599
"53","REACTOME_PROSTACYCLIN_SIGNALLING_THROUGH_PROSTACYCLIN_RECEPTOR",677
"54","REACTOME_GLYOXYLATE_METABOLISM_AND_GLYCINE_DEGRADATION",650
"55","REACTOME_SIGNALING_BY_FGFR1",965
"56","REACTOME_CA_DEPENDENT_EVENTS",26
"57","REACTOME_SIGNALING_BY_FGFR2",966
"58","REACTOME_COBALAMIN_CBL_VITAMIN_B12_TRANSPORT_AND_METABOLISM",353
"59","REACTOME_HDMS_DEMETHYLATE_HISTONES",556
"60","REACTOME_ABORTIVE_ELONGATION_OF_HIV_1_TRANSCRIPT_IN_THE_ABSENCE_OF_TAT",223
"61","REACTOME_GABA_B_RECEPTOR_ACTIVATION",1637
"62","REACTOME_KERATINIZATION",1081
"63","REACTOME_DNA_REPLICATION_PRE_INITIATION",1109
"64","KEGG_NEUROACTIVE_LIGAND_RECEPTOR_INTERACTION",1721
"65","REACTOME_ION_CHANNEL_TRANSPORT",1651
"66","REACTOME_TRANSPORT_OF_MATURE_TRANSCRIPT_TO_CYTOPLASM",1153
"67","REACTOME_CLATHRIN_MEDIATED_ENDOCYTOSIS",1250
"68","REACTOME_TRANSCRIPTIONAL_ACTIVITY_OF_SMAD2_SMAD3_SMAD4_HETEROTRIMER",474
"69","REACTOME_DEVELOPMENTAL_BIOLOGY",76
"70","REACTOME_PREVENTION_OF_PHAGOSOMAL_LYSOSOMAL_FUSION",1504
"71","REACTOME_DOPAMINE_NEUROTRANSMITTER_RELEASE_CYCLE",446
"72","REACTOME_CLASS_A_1_RHODOPSIN_LIKE_RECEPTORS",600
"73","KEGG_ECM_RECEPTOR_INTERACTION",1740
"74","REACTOME_OPIOID_SIGNALLING",23
"75","REACTOME_PRE_NOTCH_EXPRESSION_AND_PROCESSING",324
"76","REACTOME_DEUBIQUITINATION",1008
"77","REACTOME_NON_INTEGRIN_MEMBRANE_ECM_INTERACTIONS",542
"78","REACTOME_SYNTHESIS_OF_WYBUTOSINE_AT_G37_OF_TRNA_PHE",1044
"79","REACTOME_LONG_TERM_POTENTIATION",1493
"80","REACTOME_TYPE_I_HEMIDESMOSOME_ASSEMBLY",791
"81","REACTOME_OVARIAN_TUMOR_DOMAIN_PROTEASES",1013
"82","REACTOME_FORMATION_OF_TC_NER_PRE_INCISION_COMPLEX",1040
"83","REACTOME_RMTS_METHYLATE_HISTONE_ARGININES",558
"84","REACTOME_SIGNALING_BY_TGF_BETA_RECEPTOR_COMPLEX",245
"85","REACTOME_DNA_DOUBLE_STRAND_BREAK_REPAIR",1016
"86","REACTOME_NEUROTRANSMITTER_RECEPTORS_AND_POSTSYNAPTIC_SIGNAL_TRANSMISSION",32
"87","KEGG_MAPK_SIGNALING_PATHWAY",1715
"88","REACTOME_ACTIVATION_OF_KAINATE_RECEPTORS_UPON_GLUTAMATE_BINDING",821
"89","REACTOME_PROTEIN_UBIQUITINATION",1240
"90","REACTOME_PHASE_0_RAPID_DEPOLARISATION",892
"91","REACTOME_GENE_SILENCING_BY_RNA",431
"92","REACTOME_CARDIAC_CONDUCTION",891
"93","REACTOME_MATURATION_OF_SARS_COV_2_SPIKE_PROTEIN",1563
"94","REACTOME_RNA_POLYMERASE_I_PROMOTER_ESCAPE",1165
"95","REACTOME_COLLAGEN_DEGRADATION",109
"96","REACTOME_ACTIVATED_TAK1_MEDIATES_P38_MAPK_ACTIVATION",811
"97","KEGG_OLFACTORY_TRANSDUCTION",1763
"98","KEGG_DRUG_METABOLISM_CYTOCHROME_P450",1699
"99","REACTOME_SYNTHESIS_OF_BILE_ACIDS_AND_BILE_SALTS_VIA_27_HYDROXYCHOLESTEROL",339
"100","REACTOME_E2F_ENABLED_INHIBITION_OF_PRE_REPLICATION_COMPLEX_FORMATION",42
"101","REACTOME_DNA_REPLICATION",1121
"102","REACTOME_RUNX1_REGULATES_TRANSCRIPTION_OF_GENES_INVOLVED_IN_DIFFERENTIATION_OF_HSCS",1291
"103","REACTOME_SENSORY_PROCESSING_OF_SOUND_BY_OUTER_HAIR_CELLS_OF_THE_COCHLEA",1525
"104","REACTOME_RHOG_GTPASE_CYCLE",1386
"105","REACTOME_SYNTHESIS_OF_BILE_ACIDS_AND_BILE_SALTS_VIA_24_HYDROXYCHOLESTEROL",338
"106","REACTOME_EPH_EPHRIN_MEDIATED_REPULSION_OF_CELLS",681
"107","REACTOME_O_GLYCOSYLATION_OF_TSR_DOMAIN_CONTAINING_PROTEINS",850
"108","REACTOME_MRNA_SPLICING_MINOR_PATHWAY",1150
"109","REACTOME_HCMV_EARLY_EVENTS",1474
"110","REACTOME_PKMTS_METHYLATE_HISTONE_LYSINES",555
"111","REACTOME_GLUTATHIONE_CONJUGATION",148
"112","REACTOME_POSITIVE_EPIGENETIC_REGULATION_OF_RRNA_EXPRESSION",859
"113","REACTOME_CELLULAR_RESPONSE_TO_STARVATION",1591
"114","REACTOME_CONDENSATION_OF_PROPHASE_CHROMOSOMES",486
"115","REACTOME_IONOTROPIC_ACTIVITY_OF_KAINATE_RECEPTORS",820
"116","REACTOME_TACHYKININ_RECEPTORS_BIND_TACHYKININS",621
"117","KEGG_SPLICEOSOME",1707
"118","REACTOME_MITOCHONDRIAL_TRANSLATION",882
"119","REACTOME_REGULATION_OF_NPAS4_MRNA_TRANSLATION",1629
"120","REACTOME_SCAVENGING_BY_CLASS_A_RECEPTORS",545
"121","REACTOME_STIMULI_SENSING_CHANNELS",523
"122","REACTOME_DISEASES_OF_DNA_REPAIR",1547
"123","REACTOME_FORMATION_OF_SENESCENCE_ASSOCIATED_HETEROCHROMATIN_FOCI_SAHF",510
"124","REACTOME_SIGNALING_BY_NTRKS",213
"125","KEGG_GAP_JUNCTION",1744
"126","KEGG_REGULATION_OF_ACTIN_CYTOSKELETON",1764
"127","REACTOME_NEUROTOXICITY_OF_CLOSTRIDIUM_TOXINS",237
"128","REACTOME_VITAMINS",434
"129","REACTOME_ESTROGEN_DEPENDENT_GENE_EXPRESSION",1404
"130","REACTOME_AUTOPHAGY",1477
"131","REACTOME_RIPK1_MEDIATED_REGULATED_NECROSIS",854
"132","REACTOME_FGFR2_MUTANT_RECEPTOR_ACTIVATION",292
"133","REACTOME_SIGNALING_BY_FGFR2_IIIA_TM",1237
"134","REACTOME_SIGNALING_BY_INTERLEUKINS",808
"135","REACTOME_NEGATIVE_REGULATION_OF_MAPK_PATHWAY",994
"136","KEGG_GNRH_SIGNALING_PATHWAY",1766
"137","REACTOME_FANCONI_ANEMIA_PATHWAY",1045
"138","REACTOME_THE_CITRIC_ACID_TCA_CYCLE_AND_RESPIRATORY_ELECTRON_TRANSPORT",105
"139","REACTOME_VESICLE_MEDIATED_TRANSPORT",943
"140","REACTOME_CELLULAR_SENESCENCE",509
"141","KEGG_GALACTOSE_METABOLISM",1657
"142","REACTOME_COMPLEX_I_BIOGENESIS",1063
"143","REACTOME_TRANSPORT_OF_THE_SLBP_DEPENDANT_MATURE_MRNA",158
"144","REACTOME_POTASSIUM_CHANNELS",83
"145","REACTOME_CRMPS_IN_SEMA3A_SIGNALING",687
"146","REACTOME_RECEPTOR_TYPE_TYROSINE_PROTEIN_PHOSPHATASES",643
"147","REACTOME_RAS_ACTIVATION_UPON_CA2_INFLUX_THROUGH_NMDA_RECEPTOR",781
"148","REACTOME_RHO_GTPASES_ACTIVATE_PKNS",924
"149","REACTOME_HDL_CLEARANCE",1340
"150","REACTOME_G_BETA_GAMMA_SIGNALLING_THROUGH_PI3KGAMMA",674
"151","REACTOME_FORMATION_OF_THE_EARLY_ELONGATION_COMPLEX",40
"152","REACTOME_DEFECTIVE_GALNT3_CAUSES_HFTC",843
"153","REACTOME_MAPK_TARGETS_NUCLEAR_EVENTS_MEDIATED_BY_MAP_KINASES",810
"154","REACTOME_CA2_PATHWAY",698
"155","REACTOME_ANTIMICROBIAL_PEPTIDES",1068
"156","REACTOME_DCC_MEDIATED_ATTRACTIVE_SIGNALING",717
"157","REACTOME_UB_SPECIFIC_PROCESSING_PROTEASES",1012
"158","KEGG_GRAFT_VERSUS_HOST_DISEASE",1801
"159","REACTOME_FLT3_SIGNALING_BY_CBL_MUTANTS",1584
"160","KEGG_NITROGEN_METABOLISM",1696
"161","REACTOME_HOMOLOGY_DIRECTED_REPAIR",1018
"162","REACTOME_FGFR2_ALTERNATIVE_SPLICING",1073
"163","REACTOME_NEGATIVE_REGULATION_OF_NMDA_RECEPTOR_MEDIATED_NEURONAL_TRANSMISSION",1487
"164","REACTOME_G_ALPHA_12_13_SIGNALLING_EVENTS",702
"165","REACTOME_NETRIN_1_SIGNALING",602
"166","REACTOME_TNFR1_INDUCED_NFKAPPAB_SIGNALING_PATHWAY",874
"167","REACTOME_TRANSLOCATION_OF_SLC2A4_GLUT4_TO_THE_PLASMA_MEMBRANE",110
"168","KEGG_AXON_GUIDANCE",1737
"169","REACTOME_SELECTIVE_AUTOPHAGY",1528
"170","REACTOME_APOPTOTIC_EXECUTION_PHASE",1194
"171","REACTOME_GPCR_LIGAND_BINDING",842
"172","REACTOME_MITOTIC_PROMETAPHASE",1102
"173","REACTOME_RAC3_GTPASE_CYCLE",1391
"174","REACTOME_TRNA_MODIFICATION_IN_THE_NUCLEUS_AND_CYTOSOL",1043
"175","REACTOME_JNK_C_JUN_KINASES_PHOSPHORYLATION_AND_ACTIVATION_MEDIATED_BY_ACTIVATED_HUMAN_TAK1",812
"176","REACTOME_MUSCLE_CONTRACTION",682
"177","REACTOME_OLFACTORY_SIGNALING_PATHWAY",635
"178","REACTOME_NUCLEAR_ENVELOPE_NE_REASSEMBLY",539
"179","REACTOME_TRANSPORT_OF_SMALL_MOLECULES",637
"180","REACTOME_BIOLOGICAL_OXIDATIONS",432
"181","REACTOME_NEUREXINS_AND_NEUROLIGINS",1058
"182","REACTOME_HYALURONAN_UPTAKE_AND_DEGRADATION",464
"183","REACTOME_IRAK4_DEFICIENCY_TLR2_4",901
"184","REACTOME_PLATELET_CALCIUM_HOMEOSTASIS",711
"185","REACTOME_CHOLINE_CATABOLISM",1061
"186","REACTOME_PROGRAMMED_CELL_DEATH",873
"187","REACTOME_DEGRADATION_OF_THE_EXTRACELLULAR_MATRIX",116
"188","REACTOME_DEATH_RECEPTOR_SIGNALING",1174
"189","REACTOME_CYCLIN_D_ASSOCIATED_EVENTS_IN_G1",1116
"190","REACTOME_SENSORY_PROCESSING_OF_SOUND",1519
"191","REACTOME_DISEASES_OF_SIGNAL_TRANSDUCTION_BY_GROWTH_FACTOR_RECEPTORS_AND_SECOND_MESSENGERS",981
"192","KEGG_ABC_TRANSPORTERS",1702
"193","REACTOME_RHO_GTPASE_CYCLE",1377
"194","REACTOME_FORMATION_OF_FIBRIN_CLOT_CLOTTING_CASCADE",103
"195","REACTOME_SUMOYLATION_OF_INTRACELLULAR_RECEPTORS",700
"196","REACTOME_ATTENUATION_PHASE",580
"197","REACTOME_REGULATION_OF_HSF1_MEDIATED_HEAT_SHOCK_RESPONSE",576
"198","REACTOME_RESPONSE_OF_MTB_TO_PHAGOCYTOSIS",1507
"199","REACTOME_ENDOGENOUS_STEROLS",438
"200","REACTOME_ASSEMBLY_AND_CELL_SURFACE_PRESENTATION_OF_NMDA_RECEPTORS",1475
"201","REACTOME_TRANSCRIPTIONAL_REGULATION_OF_GRANULOPOIESIS",1486
"202","REACTOME_AMINO_ACID_TRANSPORT_ACROSS_THE_PLASMA_MEMBRANE",585
"203","REACTOME_E3_UBIQUITIN_LIGASES_UBIQUITINATE_TARGET_PROTEINS",1259
"204","REACTOME_HEDGEHOG_OFF_STATE",908
"205","REACTOME_SIGNALING_BY_VEGF",343
"206","REACTOME_VITAMIN_D_CALCIFEROL_METABOLISM",357
"207","REACTOME_SCF_SKP2_MEDIATED_DEGRADATION_OF_P27_P21",302
"208","REACTOME_PROPIONYL_COA_CATABOLISM",1139
"209","REACTOME_DRUG_MEDIATED_INHIBITION_OF_CDK4_CDK6_ACTIVITY",1607
"210","REACTOME_OXIDATIVE_STRESS_INDUCED_SENESCENCE",507
"211","REACTOME_DRUG_ADME",1602
"212","REACTOME_PTEN_REGULATION",1087
"213","REACTOME_INTERLEUKIN_17_SIGNALING",806
"214","REACTOME_SIRT1_NEGATIVELY_REGULATES_RRNA_EXPRESSION",745
"215","REACTOME_DEGRADATION_OF_BETA_CATENIN_BY_THE_DESTRUCTION_COMPLEX",345
"216","REACTOME_CDC6_ASSOCIATION_WITH_THE_ORC_ORIGIN_COMPLEX",1100
"217","REACTOME_CARGO_RECOGNITION_FOR_CLATHRIN_MEDIATED_ENDOCYTOSIS",1249
"218","REACTOME_POST_TRANSLATIONAL_PROTEIN_MODIFICATION",1032
"219","REACTOME_PTK6_REGULATES_RTKS_AND_THEIR_EFFECTORS_AKT1_AND_DOK1",1230
"220","REACTOME_BRANCHED_CHAIN_AMINO_ACID_CATABOLISM",1137
"221","REACTOME_COPI_INDEPENDENT_GOLGI_TO_ER_RETROGRADE_TRAFFIC",1092
"222","REACTOME_ADORA2B_MEDIATED_ANTI_INFLAMMATORY_CYTOKINES_PRODUCTION",1522
"223","REACTOME_REGULATION_OF_INSULIN_SECRETION",732
"224","REACTOME_TRANSPORT_OF_BILE_SALTS_AND_ORGANIC_ACIDS_METAL_IONS_AND_AMINE_COMPOUNDS",733
"225","REACTOME_REACTIONS_SPECIFIC_TO_THE_COMPLEX_N_GLYCAN_SYNTHESIS_PATHWAY",1617
"226","REACTOME_RECOGNITION_AND_ASSOCIATION_OF_DNA_GLYCOSYLASE_WITH_SITE_CONTAINING_AN_AFFECTED_PURINE",9
"227","REACTOME_EUKARYOTIC_TRANSLATION_ELONGATION",152
"228","REACTOME_TCF_DEPENDENT_SIGNALING_IN_RESPONSE_TO_WNT",383
"229","REACTOME_MEIOSIS",139
"230","REACTOME_INACTIVATION_OF_CDC42_AND_RAC1",752
"231","REACTOME_UREA_CYCLE",1136
"232","REACTOME_GLUCAGON_LIKE_PEPTIDE_1_GLP1_REGULATES_INSULIN_SECRETION",634
"233","REACTOME_MEIOTIC_SYNAPSIS",54
"234","REACTOME_UNBLOCKING_OF_NMDA_RECEPTORS_GLUTAMATE_BINDING_AND_ACTIVATION",772
"235","REACTOME_CELLULAR_RESPONSE_TO_HEAT_STRESS",579
"236","REACTOME_RAC1_GTPASE_CYCLE",1381
"237","REACTOME_ADENYLATE_CYCLASE_INHIBITORY_PATHWAY",243
"238","REACTOME_RESPIRATORY_ELECTRON_TRANSPORT",1034
"239","REACTOME_RECYCLING_OF_BILE_ACIDS_AND_SALTS",161
"240","REACTOME_RETROGRADE_NEUROTROPHIN_SIGNALLING",271
"241","REACTOME_PROCESSING_OF_INTRONLESS_PRE_MRNAS",1217
"242","REACTOME_ADENYLATE_CYCLASE_ACTIVATING_PATHWAY",242
"243","REACTOME_SLC_MEDIATED_TRANSMEMBRANE_TRANSPORT",737
"244","REACTOME_DISEASES_ASSOCIATED_WITH_O_GLYCOSYLATION_OF_PROTEINS",665
"245","REACTOME_NCAM1_INTERACTIONS",722
"246","REACTOME_MUSCARINIC_ACETYLCHOLINE_RECEPTORS",661
"247","KEGG_PPAR_SIGNALING_PATHWAY",1710
"248","REACTOME_ERYTHROCYTES_TAKE_UP_OXYGEN_AND_RELEASE_CARBON_DIOXIDE",69
"249","REACTOME_DNA_DAMAGE_TELOMERE_STRESS_INDUCED_SENESCENCE",512
"250","REACTOME_CYTOKINE_SIGNALING_IN_IMMUNE_SYSTEM",78
"251","REACTOME_ANDROGEN_BIOSYNTHESIS",329
"252","REACTOME_RESOLUTION_OF_D_LOOP_STRUCTURES",1017
"253","KEGG_PARKINSONS_DISEASE",1776
"254","REACTOME_CELL_CELL_COMMUNICATION",140
"255","REACTOME_SIGNALING_BY_RHO_GTPASES_MIRO_GTPASES_AND_RHOBTB3",1594
"256","REACTOME_PROTEIN_LOCALIZATION",1471
"257","REACTOME_SPHINGOLIPID_METABOLISM",749
"258","REACTOME_RAC2_GTPASE_CYCLE",1382
"259","KEGG_HEMATOPOIETIC_CELL_LINEAGE",1752
"260","REACTOME_PRC2_METHYLATES_HISTONES_AND_DNA",445
"261","KEGG_GLYOXYLATE_AND_DICARBOXYLATE_METABOLISM",1687
"262","REACTOME_TYROSINE_CATABOLISM",1330
"263","REACTOME_G_ALPHA_I_SIGNALLING_EVENTS",715
"264","REACTOME_METABOLISM_OF_STEROIDS",1328
"265","REACTOME_NOD1_2_SIGNALING_PATHWAY",235
"266","REACTOME_PYRIMIDINE_SALVAGE",1162
"267","REACTOME_SIGNALING_BY_ROBO_RECEPTORS",611
"268","KEGG_ALANINE_ASPARTATE_AND_GLUTAMATE_METABOLISM",1666
"269","REACTOME_SIGNALING_BY_FGFR",310
"270","REACTOME_TRANSLATION",1160
"271","REACTOME_FORMATION_OF_THE_CORNIFIED_ENVELOPE",1090
"272","REACTOME_SYNTHESIS_OF_PC",130
"273","REACTOME_NEURONAL_SYSTEM",34
"274","REACTOME_CYTOCHROME_P450_ARRANGED_BY_SUBSTRATE_TYPE",433
"275","REACTOME_TRP_CHANNELS",566
"276","REACTOME_GABA_RECEPTOR_ACTIVATION",1636
"277","REACTOME_DEFECTS_IN_VITAMIN_AND_COFACTOR_METABOLISM",568
"278","KEGG_SMALL_CELL_LUNG_CANCER",1796
"279","REACTOME_G_ALPHA_Q_SIGNALLING_EVENTS",701
"280","REACTOME_TRANSPORT_OF_MATURE_MRNAS_DERIVED_FROM_INTRONLESS_TRANSCRIPTS",159
"281","REACTOME_REGULATION_OF_TP53_EXPRESSION_AND_DEGRADATION",1082
"282","KEGG_ARGININE_AND_PROLINE_METABOLISM",1672
"283","REACTOME_AFLATOXIN_ACTIVATION_AND_DETOXIFICATION",885
"284","REACTOME_ERYTHROCYTES_TAKE_UP_CARBON_DIOXIDE_AND_RELEASE_OXYGEN",67
"285","REACTOME_ADHERENS_JUNCTIONS_INTERACTIONS",721
"286","REACTOME_TICAM1_RIP1_MEDIATED_IKK_COMPLEX_RECRUITMENT",239
"287","REACTOME_P75NTR_SIGNALS_VIA_NF_KB",332
"288","REACTOME_TETRAHYDROBIOPTERIN_BH4_SYNTHESIS_RECYCLING_SALVAGE_AND_REGULATION",114
"289","KEGG_TRYPTOPHAN_METABOLISM",1676
"290","REACTOME_HDR_THROUGH_HOMOLOGOUS_RECOMBINATION_HRR",1004
"291","KEGG_VALINE_LEUCINE_AND_ISOLEUCINE_DEGRADATION",1669
"292","REACTOME_RNA_POLYMERASE_I_TRANSCRIPTION",1171
"293","KEGG_TYROSINE_METABOLISM",1674
"294","REACTOME_HDACS_DEACETYLATE_HISTONES",554
"295","REACTOME_DEGRADATION_OF_CYSTEINE_AND_HOMOCYSTEINE",167
"296","REACTOME_PROTEIN_PROTEIN_INTERACTIONS_AT_SYNAPSES",1059
"297","REACTOME_RESPIRATORY_ELECTRON_TRANSPORT_ATP_SYNTHESIS_BY_CHEMIOSMOTIC_COUPLING_AND_HEAT_PRODUCTION_BY_UNCOUPLING_PROTEINS",180
"298","REACTOME_DNA_REPAIR",1176
"299","REACTOME_ER_TO_GOLGI_ANTEROGRADE_TRANSPORT",377
"300","REACTOME_MITOCHONDRIAL_FATTY_ACID_BETA_OXIDATION",1209
"301","REACTOME_SIGNALING_BY_NOTCH",153
"302","REACTOME_PHASE_I_FUNCTIONALIZATION_OF_COMPOUNDS",436
"303","REACTOME_CELL_JUNCTION_ORGANIZATION",801
"304","REACTOME_MRNA_SPLICING",1151
"305","REACTOME_COOPERATION_OF_PDCL_PHLP1_AND_TRIC_CCT_IN_G_PROTEIN_BETA_FOLDING",1097
"306","REACTOME_ACTIVATION_OF_NMDA_RECEPTORS_AND_POSTSYNAPTIC_EVENTS",780
"307","REACTOME_HEME_DEGRADATION",309
"308","REACTOME_FORMATION_OF_TUBULIN_FOLDING_INTERMEDIATES_BY_CCT_TRIC",655
"309","REACTOME_MUCOPOLYSACCHARIDOSES",481
"310","REACTOME_SIGNAL_AMPLIFICATION",676
"311","REACTOME_ACTIVATION_OF_ATR_IN_RESPONSE_TO_REPLICATION_STRESS",264
"312","REACTOME_HIV_TRANSCRIPTION_ELONGATION",221
"313","REACTOME_PROTEIN_FOLDING",668
"314","REACTOME_SIGNALING_BY_WNT",347
"315","REACTOME_INFECTION_WITH_MYCOBACTERIUM_TUBERCULOSIS",1503
"316","REACTOME_REGULATION_OF_BACH1_ACTIVITY",1589
"317","REACTOME_METABOLIC_DISORDERS_OF_BIOLOGICAL_OXIDATION_ENZYMES",898
"318","REACTOME_COLLAGEN_CHAIN_TRIMERIZATION",1308
"319","REACTOME_COOPERATION_OF_PREFOLDIN_AND_TRIC_CCT_IN_ACTIN_AND_TUBULIN_FOLDING",654
"320","REACTOME_HOMOLOGOUS_DNA_PAIRING_AND_STRAND_EXCHANGE",1022
"321","KEGG_LONG_TERM_POTENTIATION",1760
"322","REACTOME_HOST_INTERACTIONS_OF_HIV_FACTORS",177
"323","REACTOME_TGF_BETA_RECEPTOR_SIGNALING_IN_EMT_EPITHELIAL_TO_MESENCHYMAL_TRANSITION",473
"324","REACTOME_INTRINSIC_PATHWAY_OF_FIBRIN_CLOT_FORMATION",101
"325","REACTOME_MYD88_INDEPENDENT_TLR4_CASCADE",209
"326","REACTOME_GLYCOLYSIS",1130
"327","REACTOME_SIGNALING_BY_TGFB_FAMILY_MEMBERS",1367
"328","REACTOME_SIGNALING_BY_NOTCH1_HD_DOMAIN_MUTANTS_IN_CANCER",525
"329","REACTOME_BETA_CATENIN_INDEPENDENT_WNT_SIGNALING",640
"330","REACTOME_PEROXISOMAL_LIPID_METABOLISM",666
"331","REACTOME_BILE_ACID_AND_BILE_SALT_METABOLISM",342
"332","REACTOME_MITOCHONDRIAL_TRNA_AMINOACYLATION",620
"333","REACTOME_RECYCLING_PATHWAY_OF_L1",771
"334","KEGG_CYSTEINE_AND_METHIONINE_METABOLISM",1668
"335","REACTOME_GLYCEROPHOSPHOLIPID_BIOSYNTHESIS",131
"336","REACTOME_NRAGE_SIGNALS_DEATH_THROUGH_JNK",333
"337","KEGG_TYPE_I_DIABETES_MELLITUS",1771
"338","KEGG_GLYCINE_SERINE_AND_THREONINE_METABOLISM",1667
"339","KEGG_PATHWAYS_IN_CANCER",1783
"340","REACTOME_VOLTAGE_GATED_POTASSIUM_CHANNELS",84
"341","REACTOME_PROCESSING_OF_CAPPED_INTRON_CONTAINING_PRE_MRNA",1154
"342","REACTOME_P75_NTR_RECEPTOR_MEDIATED_SIGNALLING",337
"343","REACTOME_METABOLISM_OF_LIPIDS",888
"344","REACTOME_MTOR_SIGNALLING",201
"345","REACTOME_MEMBRANE_TRAFFICKING",378
"346","REACTOME_PEPTIDE_LIGAND_BINDING_RECEPTORS",607
"347","KEGG_FATTY_ACID_METABOLISM",1659
"348","REACTOME_CREB1_PHOSPHORYLATION_THROUGH_NMDA_RECEPTOR_MEDIATED_ACTIVATION_OF_RAS_SIGNALING",779
"349","KEGG_P53_SIGNALING_PATHWAY",1724
"350","KEGG_COMPLEMENT_AND_COAGULATION_CASCADES",1745
"351","REACTOME_NEGATIVE_REGULATION_OF_FGFR1_SIGNALING",961
"352","REACTOME_SEMAPHORIN_INTERACTIONS",604
"353","REACTOME_METABOLISM_OF_AMINO_ACIDS_AND_DERIVATIVES",1143
"354","REACTOME_SMOOTH_MUSCLE_CONTRACTION",788
"355","REACTOME_NEGATIVE_EPIGENETIC_REGULATION_OF_RRNA_EXPRESSION",861
"356","REACTOME_ROLE_OF_SECOND_MESSENGERS_IN_NETRIN_1_SIGNALING",720
"357","REACTOME_PEROXISOMAL_PROTEIN_IMPORT",1436
"358","REACTOME_STRIATED_MUSCLE_CONTRACTION",660
"359","REACTOME_INFLUENZA_INFECTION",231
"360","REACTOME_PREDNISONE_ADME",1618
"361","REACTOME_SIGNALING_BY_PTK6",1227
"362","REACTOME_GPER1_SIGNALING",1498
"363","REACTOME_SIGNALING_BY_RECEPTOR_TYROSINE_KINASES",1366
"364","REACTOME_SYNTHESIS_OF_BILE_ACIDS_AND_BILE_SALTS_VIA_7ALPHA_HYDROXYCHOLESTEROL",331
"365","REACTOME_BIOTIN_TRANSPORT_AND_METABOLISM",355
"366","REACTOME_SENSORY_PERCEPTION",1590
"367","REACTOME_G_PROTEIN_MEDIATED_EVENTS",27
"368","REACTOME_REGULATION_OF_RUNX1_EXPRESSION_AND_ACTIVITY",1284
"369","REACTOME_AMINE_LIGAND_BINDING_RECEPTORS",608
"370","REACTOME_MITOTIC_PROPHASE",1101
"371","REACTOME_ERCC6_CSB_AND_EHMT2_G9A_POSITIVELY_REGULATE_RRNA_EXPRESSION",746
"372","REACTOME_LAMININ_INTERACTIONS",540
"373","REACTOME_RNA_POLYMERASE_II_TRANSCRIPTION",1169
"374","KEGG_ALZHEIMERS_DISEASE",1775
"375","REACTOME_PROCESSING_OF_CAPPED_INTRONLESS_PRE_MRNA",1190
"376","REACTOME_HIGHLY_SODIUM_PERMEABLE_POSTSYNAPTIC_ACETYLCHOLINE_NICOTINIC_RECEPTORS",1036
"377","PID_FANCONI_PATHWAY",1803
"378","REACTOME_HDR_THROUGH_SINGLE_STRAND_ANNEALING_SSA",1002
"379","REACTOME_HSF1_DEPENDENT_TRANSACTIVATION",581
"380","REACTOME_INTRA_GOLGI_TRAFFIC",1093
"381","REACTOME_VASOPRESSIN_REGULATES_RENAL_WATER_HOMEOSTASIS_VIA_AQUAPORINS",761
"382","REACTOME_G_ALPHA_S_SIGNALLING_EVENTS",713
"383","REACTOME_ACTIVATION_OF_ANTERIOR_HOX_GENES_IN_HINDBRAIN_DEVELOPMENT_DURING_EARLY_EMBRYOGENESIS",909
"384","REACTOME_G_ALPHA_Z_SIGNALLING_EVENTS",716
"385","KEGG_METABOLISM_OF_XENOBIOTICS_BY_CYTOCHROME_P450",1698
"386","REACTOME_HCMV_INFECTION",1473
"387","KEGG_TIGHT_JUNCTION",1743
"388","REACTOME_B_WICH_COMPLEX_POSITIVELY_REGULATES_RRNA_EXPRESSION",860
"389","REACTOME_METABOLISM_OF_RNA",1322
"390","REACTOME_PIWI_INTERACTING_RNA_PIRNA_BIOGENESIS",899
"391","REACTOME_CONSTITUTIVE_SIGNALING_BY_LIGAND_RESPONSIVE_EGFR_CANCER_VARIANTS",61
"392","KEGG_OXIDATIVE_PHOSPHORYLATION",1663
"393","REACTOME_ONCOGENE_INDUCED_SENESCENCE",511
"394","REACTOME_MAPK6_MAPK4_SIGNALING",1006
"395","REACTOME_ION_HOMEOSTASIS",897
"396","KEGG_STEROID_HORMONE_BIOSYNTHESIS",1662
"397","KEGG_TGF_BETA_SIGNALING_PATHWAY",1736
"398","REACTOME_INTERACTION_BETWEEN_L1_AND_ANKYRINS",786
"399","KEGG_ALLOGRAFT_REJECTION",1800
"400","REACTOME_TRANSCRIPTIONAL_REGULATION_BY_SMALL_RNAS",895
"401","REACTOME_HIV_LIFE_CYCLE",169
"402","REACTOME_TRANSCRIPTION_OF_THE_HIV_GENOME",222
"403","REACTOME_REGULATION_OF_PTEN_STABILITY_AND_ACTIVITY",1310
"404","REACTOME_INTRACELLULAR_SIGNALING_BY_SECOND_MESSENGERS",1364
"405","REACTOME_DIGESTION_OF_DIETARY_LIPID",328
"406","REACTOME_AMYLOID_FIBER_FORMATION",1632
"407","REACTOME_MULTIFUNCTIONAL_ANION_EXCHANGERS",747
"408","REACTOME_NUCLEOTIDE_SALVAGE",1327
"409","REACTOME_METABOLISM_OF_WATER_SOLUBLE_VITAMINS_AND_COFACTORS",362
"410","REACTOME_PEXOPHAGY",1533
"411","REACTOME_MINERALOCORTICOID_BIOSYNTHESIS",340
"412","REACTOME_FORMATION_OF_THE_BETA_CATENIN_TCF_TRANSACTIVATING_COMPLEX",385
"413","REACTOME_PHASE_II_CONJUGATION_OF_COMPOUNDS",143
"414","KEGG_PROPANOATE_METABOLISM",1688
"415","REACTOME_TRANSPORT_OF_INORGANIC_CATIONS_ANIONS_AND_AMINO_ACIDS_OLIGOPEPTIDES",735
"416","REACTOME_FERTILIZATION",53
"417","REACTOME_N_GLYCAN_ANTENNAE_ELONGATION_IN_THE_MEDIAL_TRANS_GOLGI",1614
"418","KEGG_SELENOAMINO_ACID_METABOLISM",1679
"419","REACTOME_PHENYLALANINE_METABOLISM",1347
"420","REACTOME_DIGESTION",1286
"421","REACTOME_DEFECTS_IN_BIOTIN_BTN_METABOLISM",574
"422","KEGG_BETA_ALANINE_METABOLISM",1677
"423","REACTOME_BINDING_AND_UPTAKE_OF_LIGANDS_BY_SCAVENGER_RECEPTORS",470
"424","REACTOME_PLATELET_HOMEOSTASIS",709
"425","REACTOME_RUNX1_REGULATES_GENES_INVOLVED_IN_MEGAKARYOCYTE_DIFFERENTIATION_AND_PLATELET_FUNCTION",1288
"426","KEGG_FOCAL_ADHESION",1739
"427","REACTOME_SIGNALING_BY_NUCLEAR_RECEPTORS",1365
"428","REACTOME_DNA_METHYLATION",866
"429","REACTOME_CYTOSOLIC_SULFONATION_OF_SMALL_MOLECULES",145
"430","REACTOME_NEGATIVE_REGULATION_OF_FGFR2_SIGNALING",962
"431","REACTOME_SNRNP_ASSEMBLY",326
"432","REACTOME_FCERI_MEDIATED_NF_KB_ACTIVATION",530
"433","REACTOME_ARACHIDONIC_ACID_METABOLISM",455
"434","REACTOME_CELL_DEATH_SIGNALLING_VIA_NRAGE_NRIF_AND_NADE",414
"435","REACTOME_SIGNALING_BY_PDGF",299
"436","REACTOME_NF_KB_IS_ACTIVATED_AND_SIGNALS_SURVIVAL",418
"437","REACTOME_SIGNALING_BY_HEDGEHOG",876
"438","REACTOME_NERVOUS_SYSTEM_DEVELOPMENT",1545
"439","REACTOME_EXTRA_NUCLEAR_ESTROGEN_SIGNALING",1370
"440","REACTOME_HCMV_LATE_EVENTS",1476
"441","REACTOME_LEISHMANIA_INFECTION",1518
"442","REACTOME_TERMINATION_OF_O_GLYCAN_BIOSYNTHESIS",1631
"443","REACTOME_RHOA_GTPASE_CYCLE",1354
"444","REACTOME_INHIBITION_OF_DNA_RECOMBINATION_AT_TELOMERE",1539
"445","REACTOME_GLUCOCORTICOID_BIOSYNTHESIS",341
"446","REACTOME_PHENYLALANINE_AND_TYROSINE_METABOLISM",1331
"447","REACTOME_ESR_MEDIATED_SIGNALING",1290
"448","REACTOME_DISEASES_OF_PROGRAMMED_CELL_DEATH",1511
"449","REACTOME_ENOS_ACTIVATION",407
"450","REACTOME_CELL_CELL_JUNCTION_ORGANIZATION",730
"451","REACTOME_L1CAM_INTERACTIONS",605
"452","REACTOME_UPTAKE_OF_DIETARY_COBALAMINS_INTO_ENTEROCYTES",1620
"453","REACTOME_INFECTIOUS_DISEASE",982
"454","REACTOME_RNA_POLYMERASE_II_PRE_TRANSCRIPTION_EVENTS",1039
