"","cytoscapeNodes3.shared.name","match.cytoscapeNodes3.shared.name..rownames.GOOutput.."
"1","REACTOME_RESOLUTION_OF_D_LOOP_STRUCTURES_THROUGH_SYNTHESIS_DEPENDENT_STRAND_ANNEALING_SDSA",1020
"2","REACTOME_GLYCOGEN_METABOLISM",1355
"3","REACTOME_HATS_ACETYLATE_HISTONES",557
"4","REACTOME_ASSEMBLY_OF_THE_ORC_COMPLEX_AT_THE_ORIGIN_OF_REPLICATION",1099
"5","REACTOME_FATTY_ACID_METABOLISM",1351
"6","REACTOME_DAG_AND_IP3_SIGNALING",138
"7","REACTOME_CDC42_GTPASE_CYCLE",1380
"8","REACTOME_NCAM_SIGNALING_FOR_NEURITE_OUT_GROWTH",606
"9","KEGG_PEROXISOME",1728
"10","REACTOME_RNA_POLYMERASE_II_TRANSCRIPTION_TERMINATION",1168
"11","REACTOME_SPERM_MOTILITY_AND_TAXES",86
"12","KEGG_PURINE_METABOLISM",1664
"13","REACTOME_SLBP_DEPENDENT_PROCESSING_OF_REPLICATION_DEPENDENT_HISTONE_PRE_MRNAS",1216
"14","REACTOME_MAPK_FAMILY_SIGNALING_CASCADES",999
"15","REACTOME_TOXICITY_OF_BOTULINUM_TOXIN_TYPE_D_BOTD",862
"16","REACTOME_THROMBOXANE_SIGNALLING_THROUGH_TP_RECEPTOR",755
"17","REACTOME_ERK_MAPK_TARGETS",372
"18","REACTOME_CLEC7A_DECTIN_1_SIGNALING",904
"19","KEGG_HUNTINGTONS_DISEASE",1778
"20","REACTOME_INWARDLY_RECTIFYING_K_CHANNELS",82
"21","REACTOME_ACTIVATED_PKN1_STIMULATES_TRANSCRIPTION_OF_AR_ANDROGEN_RECEPTOR_REGULATED_GENES_KLK2_AND_KLK3",925
"22","REACTOME_UCH_PROTEINASES",1010
"23","REACTOME_METABOLISM_OF_STEROID_HORMONES",348
"24","REACTOME_METABOLISM_OF_VITAMINS_AND_COFACTORS",363
"25","REACTOME_INTEGRATION_OF_ENERGY_METABOLISM",186
"26","REACTOME_SULFUR_AMINO_ACID_METABOLISM",168
"27","REACTOME_NEDDYLATION",1317
"28","REACTOME_SUPPRESSION_OF_PHAGOSOMAL_MATURATION",1506
"29","REACTOME_TNF_SIGNALING",1200
"30","REACTOME_CELLULAR_RESPONSES_TO_STIMULI",1323
"31","REACTOME_COPII_MEDIATED_VESICLE_TRANSPORT",410
"32","REACTOME_HIV_INFECTION",176
"33","REACTOME_FORMATION_OF_RNA_POL_II_ELONGATION_COMPLEX",35
"34","REACTOME_TRANSMISSION_ACROSS_CHEMICAL_SYNAPSES",33
"35","REACTOME_TRYPTOPHAN_CATABOLISM",1141
"36","REACTOME_SENESCENCE_ASSOCIATED_SECRETORY_PHENOTYPE_SASP",508
"37","REACTOME_SPRY_REGULATION_OF_FGF_SIGNALING",80
"38","KEGG_SULFUR_METABOLISM",1697
"39","KEGG_CALCIUM_SIGNALING_PATHWAY",1717
"40","REACTOME_SUMOYLATION_OF_CHROMATIN_ORGANIZATION_PROTEINS",826
"41","REACTOME_RHO_GTPASES_ACTIVATE_IQGAPS",928
"42","REACTOME_CHROMATIN_MODIFYING_ENZYMES",564
"43","REACTOME_REGULATION_OF_EXPRESSION_OF_SLITS_AND_ROBOS",1373
"44","REACTOME_RAS_PROCESSING",1514
"45","REACTOME_TRANSCRIPTIONAL_REGULATION_BY_RUNX1",1281
"46","REACTOME_TRANSCRIPTIONAL_REGULATION_BY_RUNX2",1280
"47","REACTOME_MEIOTIC_RECOMBINATION",1443
"48","REACTOME_SIGNALING_BY_GPCR",599
"49","REACTOME_GLYOXYLATE_METABOLISM_AND_GLYCINE_DEGRADATION",650
"50","REACTOME_SIGNALING_BY_FGFR1",965
"51","REACTOME_CA_DEPENDENT_EVENTS",26
"52","REACTOME_SIGNALING_BY_FGFR2",966
"53","REACTOME_COBALAMIN_CBL_VITAMIN_B12_TRANSPORT_AND_METABOLISM",353
"54","REACTOME_HDMS_DEMETHYLATE_HISTONES",556
"55","REACTOME_ABORTIVE_ELONGATION_OF_HIV_1_TRANSCRIPT_IN_THE_ABSENCE_OF_TAT",223
"56","REACTOME_GABA_B_RECEPTOR_ACTIVATION",1637
"57","REACTOME_KERATINIZATION",1081
"58","REACTOME_DNA_REPLICATION_PRE_INITIATION",1109
"59","KEGG_NEUROACTIVE_LIGAND_RECEPTOR_INTERACTION",1721
"60","REACTOME_ION_CHANNEL_TRANSPORT",1651
"61","REACTOME_TRANSPORT_OF_MATURE_TRANSCRIPT_TO_CYTOPLASM",1153
"62","REACTOME_CLATHRIN_MEDIATED_ENDOCYTOSIS",1250
"63","REACTOME_TRANSCRIPTIONAL_ACTIVITY_OF_SMAD2_SMAD3_SMAD4_HETEROTRIMER",474
"64","REACTOME_DEVELOPMENTAL_BIOLOGY",76
"65","REACTOME_PREVENTION_OF_PHAGOSOMAL_LYSOSOMAL_FUSION",1504
"66","REACTOME_DOPAMINE_NEUROTRANSMITTER_RELEASE_CYCLE",446
"67","REACTOME_CLASS_A_1_RHODOPSIN_LIKE_RECEPTORS",600
"68","KEGG_ECM_RECEPTOR_INTERACTION",1740
"69","REACTOME_OPIOID_SIGNALLING",23
"70","REACTOME_PRE_NOTCH_EXPRESSION_AND_PROCESSING",324
"71","REACTOME_DEUBIQUITINATION",1008
"72","REACTOME_NON_INTEGRIN_MEMBRANE_ECM_INTERACTIONS",542
"73","REACTOME_SYNTHESIS_OF_WYBUTOSINE_AT_G37_OF_TRNA_PHE",1044
"74","REACTOME_LONG_TERM_POTENTIATION",1493
"75","REACTOME_TYPE_I_HEMIDESMOSOME_ASSEMBLY",791
"76","REACTOME_OVARIAN_TUMOR_DOMAIN_PROTEASES",1013
"77","REACTOME_FORMATION_OF_TC_NER_PRE_INCISION_COMPLEX",1040
"78","REACTOME_RMTS_METHYLATE_HISTONE_ARGININES",558
"79","REACTOME_DNA_DOUBLE_STRAND_BREAK_REPAIR",1016
"80","REACTOME_NEUROTRANSMITTER_RECEPTORS_AND_POSTSYNAPTIC_SIGNAL_TRANSMISSION",32
"81","KEGG_MAPK_SIGNALING_PATHWAY",1715
"82","REACTOME_ACTIVATION_OF_KAINATE_RECEPTORS_UPON_GLUTAMATE_BINDING",821
"83","REACTOME_PROTEIN_UBIQUITINATION",1240
"84","REACTOME_PHASE_0_RAPID_DEPOLARISATION",892
"85","REACTOME_GENE_SILENCING_BY_RNA",431
"86","REACTOME_CARDIAC_CONDUCTION",891
"87","REACTOME_MATURATION_OF_SARS_COV_2_SPIKE_PROTEIN",1563
"88","REACTOME_RNA_POLYMERASE_I_PROMOTER_ESCAPE",1165
"89","REACTOME_COLLAGEN_DEGRADATION",109
"90","REACTOME_ACTIVATED_TAK1_MEDIATES_P38_MAPK_ACTIVATION",811
"91","KEGG_OLFACTORY_TRANSDUCTION",1763
"92","KEGG_DRUG_METABOLISM_CYTOCHROME_P450",1699
"93","REACTOME_SYNTHESIS_OF_BILE_ACIDS_AND_BILE_SALTS_VIA_27_HYDROXYCHOLESTEROL",339
"94","REACTOME_E2F_ENABLED_INHIBITION_OF_PRE_REPLICATION_COMPLEX_FORMATION",42
"95","REACTOME_DNA_REPLICATION",1121
"96","REACTOME_RUNX1_REGULATES_TRANSCRIPTION_OF_GENES_INVOLVED_IN_DIFFERENTIATION_OF_HSCS",1291
"97","REACTOME_SENSORY_PROCESSING_OF_SOUND_BY_OUTER_HAIR_CELLS_OF_THE_COCHLEA",1525
"98","REACTOME_RHOG_GTPASE_CYCLE",1386
"99","REACTOME_SYNTHESIS_OF_BILE_ACIDS_AND_BILE_SALTS_VIA_24_HYDROXYCHOLESTEROL",338
"100","REACTOME_EPH_EPHRIN_MEDIATED_REPULSION_OF_CELLS",681
"101","REACTOME_O_GLYCOSYLATION_OF_TSR_DOMAIN_CONTAINING_PROTEINS",850
"102","REACTOME_MRNA_SPLICING_MINOR_PATHWAY",1150
"103","REACTOME_HCMV_EARLY_EVENTS",1474
"104","REACTOME_PKMTS_METHYLATE_HISTONE_LYSINES",555
"105","REACTOME_GLUTATHIONE_CONJUGATION",148
"106","REACTOME_POSITIVE_EPIGENETIC_REGULATION_OF_RRNA_EXPRESSION",859
"107","REACTOME_CONDENSATION_OF_PROPHASE_CHROMOSOMES",486
"108","REACTOME_TACHYKININ_RECEPTORS_BIND_TACHYKININS",621
"109","KEGG_SPLICEOSOME",1707
"110","REACTOME_MITOCHONDRIAL_TRANSLATION",882
"111","REACTOME_STIMULI_SENSING_CHANNELS",523
"112","REACTOME_DISEASES_OF_DNA_REPAIR",1547
"113","REACTOME_FORMATION_OF_SENESCENCE_ASSOCIATED_HETEROCHROMATIN_FOCI_SAHF",510
"114","REACTOME_SIGNALING_BY_NTRKS",213
"115","KEGG_GAP_JUNCTION",1744
"116","KEGG_REGULATION_OF_ACTIN_CYTOSKELETON",1764
"117","REACTOME_NEUROTOXICITY_OF_CLOSTRIDIUM_TOXINS",237
"118","REACTOME_VITAMINS",434
"119","REACTOME_ESTROGEN_DEPENDENT_GENE_EXPRESSION",1404
"120","REACTOME_FGFR2_MUTANT_RECEPTOR_ACTIVATION",292
"121","REACTOME_SIGNALING_BY_INTERLEUKINS",808
"122","REACTOME_NEGATIVE_REGULATION_OF_MAPK_PATHWAY",994
"123","KEGG_GNRH_SIGNALING_PATHWAY",1766
"124","REACTOME_FANCONI_ANEMIA_PATHWAY",1045
"125","REACTOME_THE_CITRIC_ACID_TCA_CYCLE_AND_RESPIRATORY_ELECTRON_TRANSPORT",105
"126","REACTOME_VESICLE_MEDIATED_TRANSPORT",943
"127","REACTOME_CELLULAR_SENESCENCE",509
"128","KEGG_GALACTOSE_METABOLISM",1657
"129","REACTOME_COMPLEX_I_BIOGENESIS",1063
"130","REACTOME_TRANSPORT_OF_THE_SLBP_DEPENDANT_MATURE_MRNA",158
"131","REACTOME_POTASSIUM_CHANNELS",83
"132","REACTOME_CRMPS_IN_SEMA3A_SIGNALING",687
"133","REACTOME_RECEPTOR_TYPE_TYROSINE_PROTEIN_PHOSPHATASES",643
"134","REACTOME_RAS_ACTIVATION_UPON_CA2_INFLUX_THROUGH_NMDA_RECEPTOR",781
"135","REACTOME_RHO_GTPASES_ACTIVATE_PKNS",924
"136","REACTOME_HDL_CLEARANCE",1340
"137","REACTOME_G_BETA_GAMMA_SIGNALLING_THROUGH_PI3KGAMMA",674
"138","REACTOME_FORMATION_OF_THE_EARLY_ELONGATION_COMPLEX",40
"139","REACTOME_DEFECTIVE_GALNT3_CAUSES_HFTC",843
"140","REACTOME_MAPK_TARGETS_NUCLEAR_EVENTS_MEDIATED_BY_MAP_KINASES",810
"141","REACTOME_CA2_PATHWAY",698
"142","REACTOME_ANTIMICROBIAL_PEPTIDES",1068
"143","REACTOME_DCC_MEDIATED_ATTRACTIVE_SIGNALING",717
"144","REACTOME_UB_SPECIFIC_PROCESSING_PROTEASES",1012
"145","KEGG_GRAFT_VERSUS_HOST_DISEASE",1801
"146","REACTOME_FLT3_SIGNALING_BY_CBL_MUTANTS",1584
"147","KEGG_NITROGEN_METABOLISM",1696
"148","REACTOME_HOMOLOGY_DIRECTED_REPAIR",1018
"149","REACTOME_NEGATIVE_REGULATION_OF_NMDA_RECEPTOR_MEDIATED_NEURONAL_TRANSMISSION",1487
"150","REACTOME_G_ALPHA_12_13_SIGNALLING_EVENTS",702
"151","REACTOME_NETRIN_1_SIGNALING",602
"152","REACTOME_TNFR1_INDUCED_NFKAPPAB_SIGNALING_PATHWAY",874
"153","REACTOME_TRANSLOCATION_OF_SLC2A4_GLUT4_TO_THE_PLASMA_MEMBRANE",110
"154","KEGG_AXON_GUIDANCE",1737
"155","REACTOME_SELECTIVE_AUTOPHAGY",1528
"156","REACTOME_APOPTOTIC_EXECUTION_PHASE",1194
"157","REACTOME_GPCR_LIGAND_BINDING",842
"158","REACTOME_RAC3_GTPASE_CYCLE",1391
"159","REACTOME_TRNA_MODIFICATION_IN_THE_NUCLEUS_AND_CYTOSOL",1043
"160","REACTOME_JNK_C_JUN_KINASES_PHOSPHORYLATION_AND_ACTIVATION_MEDIATED_BY_ACTIVATED_HUMAN_TAK1",812
"161","REACTOME_MUSCLE_CONTRACTION",682
"162","REACTOME_OLFACTORY_SIGNALING_PATHWAY",635
"163","REACTOME_NUCLEAR_ENVELOPE_NE_REASSEMBLY",539
"164","REACTOME_TRANSPORT_OF_SMALL_MOLECULES",637
"165","REACTOME_BIOLOGICAL_OXIDATIONS",432
"166","REACTOME_NEUREXINS_AND_NEUROLIGINS",1058
"167","REACTOME_HYALURONAN_UPTAKE_AND_DEGRADATION",464
"168","REACTOME_IRAK4_DEFICIENCY_TLR2_4",901
"169","REACTOME_PLATELET_CALCIUM_HOMEOSTASIS",711
"170","REACTOME_CHOLINE_CATABOLISM",1061
"171","REACTOME_PROGRAMMED_CELL_DEATH",873
"172","REACTOME_DEGRADATION_OF_THE_EXTRACELLULAR_MATRIX",116
"173","REACTOME_DEATH_RECEPTOR_SIGNALING",1174
"174","REACTOME_CYCLIN_D_ASSOCIATED_EVENTS_IN_G1",1116
"175","REACTOME_SENSORY_PROCESSING_OF_SOUND",1519
"176","REACTOME_DISEASES_OF_SIGNAL_TRANSDUCTION_BY_GROWTH_FACTOR_RECEPTORS_AND_SECOND_MESSENGERS",981
"177","KEGG_ABC_TRANSPORTERS",1702
"178","REACTOME_RHO_GTPASE_CYCLE",1377
"179","REACTOME_FORMATION_OF_FIBRIN_CLOT_CLOTTING_CASCADE",103
"180","REACTOME_SUMOYLATION_OF_INTRACELLULAR_RECEPTORS",700
"181","REACTOME_ATTENUATION_PHASE",580
"182","REACTOME_RESPONSE_OF_MTB_TO_PHAGOCYTOSIS",1507
"183","REACTOME_ENDOGENOUS_STEROLS",438
"184","REACTOME_ASSEMBLY_AND_CELL_SURFACE_PRESENTATION_OF_NMDA_RECEPTORS",1475
"185","REACTOME_TRANSCRIPTIONAL_REGULATION_OF_GRANULOPOIESIS",1486
"186","REACTOME_AMINO_ACID_TRANSPORT_ACROSS_THE_PLASMA_MEMBRANE",585
"187","REACTOME_E3_UBIQUITIN_LIGASES_UBIQUITINATE_TARGET_PROTEINS",1259
"188","REACTOME_HEDGEHOG_OFF_STATE",908
"189","REACTOME_SIGNALING_BY_VEGF",343
"190","REACTOME_VITAMIN_D_CALCIFEROL_METABOLISM",357
"191","REACTOME_SCF_SKP2_MEDIATED_DEGRADATION_OF_P27_P21",302
"192","REACTOME_DRUG_MEDIATED_INHIBITION_OF_CDK4_CDK6_ACTIVITY",1607
"193","REACTOME_OXIDATIVE_STRESS_INDUCED_SENESCENCE",507
"194","REACTOME_DRUG_ADME",1602
"195","REACTOME_PTEN_REGULATION",1087
"196","REACTOME_INTERLEUKIN_17_SIGNALING",806
"197","REACTOME_SIRT1_NEGATIVELY_REGULATES_RRNA_EXPRESSION",745
"198","REACTOME_DEGRADATION_OF_BETA_CATENIN_BY_THE_DESTRUCTION_COMPLEX",345
"199","REACTOME_CDC6_ASSOCIATION_WITH_THE_ORC_ORIGIN_COMPLEX",1100
"200","REACTOME_CARGO_RECOGNITION_FOR_CLATHRIN_MEDIATED_ENDOCYTOSIS",1249
"201","REACTOME_POST_TRANSLATIONAL_PROTEIN_MODIFICATION",1032
"202","REACTOME_PTK6_REGULATES_RTKS_AND_THEIR_EFFECTORS_AKT1_AND_DOK1",1230
"203","REACTOME_BRANCHED_CHAIN_AMINO_ACID_CATABOLISM",1137
"204","REACTOME_COPI_INDEPENDENT_GOLGI_TO_ER_RETROGRADE_TRAFFIC",1092
"205","REACTOME_REGULATION_OF_INSULIN_SECRETION",732
"206","REACTOME_TRANSPORT_OF_BILE_SALTS_AND_ORGANIC_ACIDS_METAL_IONS_AND_AMINE_COMPOUNDS",733
"207","REACTOME_REACTIONS_SPECIFIC_TO_THE_COMPLEX_N_GLYCAN_SYNTHESIS_PATHWAY",1617
"208","REACTOME_RECOGNITION_AND_ASSOCIATION_OF_DNA_GLYCOSYLASE_WITH_SITE_CONTAINING_AN_AFFECTED_PURINE",9
"209","REACTOME_EUKARYOTIC_TRANSLATION_ELONGATION",152
"210","REACTOME_TCF_DEPENDENT_SIGNALING_IN_RESPONSE_TO_WNT",383
"211","REACTOME_MEIOSIS",139
"212","REACTOME_INACTIVATION_OF_CDC42_AND_RAC1",752
"213","REACTOME_UREA_CYCLE",1136
"214","REACTOME_GLUCAGON_LIKE_PEPTIDE_1_GLP1_REGULATES_INSULIN_SECRETION",634
"215","REACTOME_MEIOTIC_SYNAPSIS",54
"216","REACTOME_UNBLOCKING_OF_NMDA_RECEPTORS_GLUTAMATE_BINDING_AND_ACTIVATION",772
"217","REACTOME_CELLULAR_RESPONSE_TO_HEAT_STRESS",579
"218","REACTOME_RAC1_GTPASE_CYCLE",1381
"219","REACTOME_ADENYLATE_CYCLASE_INHIBITORY_PATHWAY",243
"220","REACTOME_RESPIRATORY_ELECTRON_TRANSPORT",1034
"221","REACTOME_RECYCLING_OF_BILE_ACIDS_AND_SALTS",161
"222","REACTOME_RETROGRADE_NEUROTROPHIN_SIGNALLING",271
"223","REACTOME_PROCESSING_OF_INTRONLESS_PRE_MRNAS",1217
"224","REACTOME_SLC_MEDIATED_TRANSMEMBRANE_TRANSPORT",737
"225","REACTOME_DISEASES_ASSOCIATED_WITH_O_GLYCOSYLATION_OF_PROTEINS",665
"226","REACTOME_NCAM1_INTERACTIONS",722
"227","REACTOME_MUSCARINIC_ACETYLCHOLINE_RECEPTORS",661
"228","KEGG_PPAR_SIGNALING_PATHWAY",1710
"229","REACTOME_ERYTHROCYTES_TAKE_UP_OXYGEN_AND_RELEASE_CARBON_DIOXIDE",69
"230","REACTOME_DNA_DAMAGE_TELOMERE_STRESS_INDUCED_SENESCENCE",512
"231","REACTOME_CYTOKINE_SIGNALING_IN_IMMUNE_SYSTEM",78
"232","REACTOME_ANDROGEN_BIOSYNTHESIS",329
"233","REACTOME_RESOLUTION_OF_D_LOOP_STRUCTURES",1017
"234","KEGG_PARKINSONS_DISEASE",1776
"235","REACTOME_CELL_CELL_COMMUNICATION",140
"236","REACTOME_SIGNALING_BY_RHO_GTPASES_MIRO_GTPASES_AND_RHOBTB3",1594
"237","REACTOME_PROTEIN_LOCALIZATION",1471
"238","REACTOME_SPHINGOLIPID_METABOLISM",749
"239","REACTOME_RAC2_GTPASE_CYCLE",1382
"240","KEGG_HEMATOPOIETIC_CELL_LINEAGE",1752
"241","REACTOME_PRC2_METHYLATES_HISTONES_AND_DNA",445
"242","KEGG_GLYOXYLATE_AND_DICARBOXYLATE_METABOLISM",1687
"243","REACTOME_TYROSINE_CATABOLISM",1330
"244","REACTOME_G_ALPHA_I_SIGNALLING_EVENTS",715
"245","REACTOME_METABOLISM_OF_STEROIDS",1328
"246","REACTOME_PYRIMIDINE_SALVAGE",1162
"247","REACTOME_SIGNALING_BY_ROBO_RECEPTORS",611
"248","KEGG_ALANINE_ASPARTATE_AND_GLUTAMATE_METABOLISM",1666
"249","REACTOME_TRANSLATION",1160
"250","REACTOME_SIGNALING_BY_FGFR",310
"251","REACTOME_FORMATION_OF_THE_CORNIFIED_ENVELOPE",1090
"252","REACTOME_SYNTHESIS_OF_PC",130
"253","REACTOME_NEURONAL_SYSTEM",34
"254","REACTOME_CYTOCHROME_P450_ARRANGED_BY_SUBSTRATE_TYPE",433
"255","REACTOME_TRP_CHANNELS",566
"256","REACTOME_GABA_RECEPTOR_ACTIVATION",1636
"257","REACTOME_DEFECTS_IN_VITAMIN_AND_COFACTOR_METABOLISM",568
"258","KEGG_SMALL_CELL_LUNG_CANCER",1796
"259","REACTOME_G_ALPHA_Q_SIGNALLING_EVENTS",701
"260","REACTOME_TRANSPORT_OF_MATURE_MRNAS_DERIVED_FROM_INTRONLESS_TRANSCRIPTS",159
"261","REACTOME_REGULATION_OF_TP53_EXPRESSION_AND_DEGRADATION",1082
"262","KEGG_ARGININE_AND_PROLINE_METABOLISM",1672
"263","REACTOME_AFLATOXIN_ACTIVATION_AND_DETOXIFICATION",885
"264","REACTOME_ERYTHROCYTES_TAKE_UP_CARBON_DIOXIDE_AND_RELEASE_OXYGEN",67
"265","REACTOME_ADHERENS_JUNCTIONS_INTERACTIONS",721
"266","REACTOME_TICAM1_RIP1_MEDIATED_IKK_COMPLEX_RECRUITMENT",239
"267","REACTOME_TETRAHYDROBIOPTERIN_BH4_SYNTHESIS_RECYCLING_SALVAGE_AND_REGULATION",114
"268","KEGG_TRYPTOPHAN_METABOLISM",1676
"269","REACTOME_HDR_THROUGH_HOMOLOGOUS_RECOMBINATION_HRR",1004
"270","KEGG_VALINE_LEUCINE_AND_ISOLEUCINE_DEGRADATION",1669
"271","REACTOME_RNA_POLYMERASE_I_TRANSCRIPTION",1171
"272","KEGG_TYROSINE_METABOLISM",1674
"273","REACTOME_HDACS_DEACETYLATE_HISTONES",554
"274","REACTOME_DEGRADATION_OF_CYSTEINE_AND_HOMOCYSTEINE",167
"275","REACTOME_PROTEIN_PROTEIN_INTERACTIONS_AT_SYNAPSES",1059
"276","REACTOME_RESPIRATORY_ELECTRON_TRANSPORT_ATP_SYNTHESIS_BY_CHEMIOSMOTIC_COUPLING_AND_HEAT_PRODUCTION_BY_UNCOUPLING_PROTEINS",180
"277","REACTOME_DNA_REPAIR",1176
"278","REACTOME_ER_TO_GOLGI_ANTEROGRADE_TRANSPORT",377
"279","REACTOME_MITOCHONDRIAL_FATTY_ACID_BETA_OXIDATION",1209
"280","REACTOME_SIGNALING_BY_NOTCH",153
"281","REACTOME_PHASE_I_FUNCTIONALIZATION_OF_COMPOUNDS",436
"282","REACTOME_CELL_JUNCTION_ORGANIZATION",801
"283","REACTOME_MRNA_SPLICING",1151
"284","REACTOME_COOPERATION_OF_PDCL_PHLP1_AND_TRIC_CCT_IN_G_PROTEIN_BETA_FOLDING",1097
"285","REACTOME_ACTIVATION_OF_NMDA_RECEPTORS_AND_POSTSYNAPTIC_EVENTS",780
"286","REACTOME_HEME_DEGRADATION",309
"287","REACTOME_FORMATION_OF_TUBULIN_FOLDING_INTERMEDIATES_BY_CCT_TRIC",655
"288","REACTOME_MUCOPOLYSACCHARIDOSES",481
"289","REACTOME_SIGNAL_AMPLIFICATION",676
"290","REACTOME_ACTIVATION_OF_ATR_IN_RESPONSE_TO_REPLICATION_STRESS",264
"291","REACTOME_HIV_TRANSCRIPTION_ELONGATION",221
"292","REACTOME_PROTEIN_FOLDING",668
"293","REACTOME_SIGNALING_BY_WNT",347
"294","REACTOME_INFECTION_WITH_MYCOBACTERIUM_TUBERCULOSIS",1503
"295","REACTOME_REGULATION_OF_BACH1_ACTIVITY",1589
"296","REACTOME_METABOLIC_DISORDERS_OF_BIOLOGICAL_OXIDATION_ENZYMES",898
"297","REACTOME_COOPERATION_OF_PREFOLDIN_AND_TRIC_CCT_IN_ACTIN_AND_TUBULIN_FOLDING",654
"298","REACTOME_HOMOLOGOUS_DNA_PAIRING_AND_STRAND_EXCHANGE",1022
"299","KEGG_LONG_TERM_POTENTIATION",1760
"300","REACTOME_HOST_INTERACTIONS_OF_HIV_FACTORS",177
"301","REACTOME_TGF_BETA_RECEPTOR_SIGNALING_IN_EMT_EPITHELIAL_TO_MESENCHYMAL_TRANSITION",473
"302","REACTOME_INTRINSIC_PATHWAY_OF_FIBRIN_CLOT_FORMATION",101
"303","REACTOME_MYD88_INDEPENDENT_TLR4_CASCADE",209
"304","REACTOME_GLYCOLYSIS",1130
"305","REACTOME_SIGNALING_BY_TGFB_FAMILY_MEMBERS",1367
"306","REACTOME_SIGNALING_BY_NOTCH1_HD_DOMAIN_MUTANTS_IN_CANCER",525
"307","REACTOME_BETA_CATENIN_INDEPENDENT_WNT_SIGNALING",640
"308","REACTOME_PEROXISOMAL_LIPID_METABOLISM",666
"309","REACTOME_BILE_ACID_AND_BILE_SALT_METABOLISM",342
"310","REACTOME_RECYCLING_PATHWAY_OF_L1",771
"311","KEGG_CYSTEINE_AND_METHIONINE_METABOLISM",1668
"312","REACTOME_GLYCEROPHOSPHOLIPID_BIOSYNTHESIS",131
"313","REACTOME_NRAGE_SIGNALS_DEATH_THROUGH_JNK",333
"314","KEGG_TYPE_I_DIABETES_MELLITUS",1771
"315","KEGG_GLYCINE_SERINE_AND_THREONINE_METABOLISM",1667
"316","KEGG_PATHWAYS_IN_CANCER",1783
"317","REACTOME_VOLTAGE_GATED_POTASSIUM_CHANNELS",84
"318","REACTOME_PROCESSING_OF_CAPPED_INTRON_CONTAINING_PRE_MRNA",1154
"319","REACTOME_P75_NTR_RECEPTOR_MEDIATED_SIGNALLING",337
"320","REACTOME_METABOLISM_OF_LIPIDS",888
"321","REACTOME_MTOR_SIGNALLING",201
"322","REACTOME_MEMBRANE_TRAFFICKING",378
"323","REACTOME_PEPTIDE_LIGAND_BINDING_RECEPTORS",607
"324","KEGG_FATTY_ACID_METABOLISM",1659
"325","REACTOME_CREB1_PHOSPHORYLATION_THROUGH_NMDA_RECEPTOR_MEDIATED_ACTIVATION_OF_RAS_SIGNALING",779
"326","KEGG_P53_SIGNALING_PATHWAY",1724
"327","KEGG_COMPLEMENT_AND_COAGULATION_CASCADES",1745
"328","REACTOME_SEMAPHORIN_INTERACTIONS",604
"329","REACTOME_METABOLISM_OF_AMINO_ACIDS_AND_DERIVATIVES",1143
"330","REACTOME_SMOOTH_MUSCLE_CONTRACTION",788
"331","REACTOME_NEGATIVE_EPIGENETIC_REGULATION_OF_RRNA_EXPRESSION",861
"332","REACTOME_ROLE_OF_SECOND_MESSENGERS_IN_NETRIN_1_SIGNALING",720
"333","REACTOME_PEROXISOMAL_PROTEIN_IMPORT",1436
"334","REACTOME_STRIATED_MUSCLE_CONTRACTION",660
"335","REACTOME_INFLUENZA_INFECTION",231
"336","REACTOME_PREDNISONE_ADME",1618
"337","REACTOME_SIGNALING_BY_PTK6",1227
"338","REACTOME_GPER1_SIGNALING",1498
"339","REACTOME_SIGNALING_BY_RECEPTOR_TYROSINE_KINASES",1366
"340","REACTOME_SYNTHESIS_OF_BILE_ACIDS_AND_BILE_SALTS_VIA_7ALPHA_HYDROXYCHOLESTEROL",331
"341","REACTOME_BIOTIN_TRANSPORT_AND_METABOLISM",355
"342","REACTOME_SENSORY_PERCEPTION",1590
"343","REACTOME_G_PROTEIN_MEDIATED_EVENTS",27
"344","REACTOME_REGULATION_OF_RUNX1_EXPRESSION_AND_ACTIVITY",1284
"345","REACTOME_MITOTIC_PROPHASE",1101
"346","REACTOME_ERCC6_CSB_AND_EHMT2_G9A_POSITIVELY_REGULATE_RRNA_EXPRESSION",746
"347","REACTOME_LAMININ_INTERACTIONS",540
"348","REACTOME_RNA_POLYMERASE_II_TRANSCRIPTION",1169
"349","KEGG_ALZHEIMERS_DISEASE",1775
"350","REACTOME_PROCESSING_OF_CAPPED_INTRONLESS_PRE_MRNA",1190
"351","REACTOME_HIGHLY_SODIUM_PERMEABLE_POSTSYNAPTIC_ACETYLCHOLINE_NICOTINIC_RECEPTORS",1036
"352","PID_FANCONI_PATHWAY",1803
"353","REACTOME_HDR_THROUGH_SINGLE_STRAND_ANNEALING_SSA",1002
"354","REACTOME_HSF1_DEPENDENT_TRANSACTIVATION",581
"355","REACTOME_INTRA_GOLGI_TRAFFIC",1093
"356","REACTOME_VASOPRESSIN_REGULATES_RENAL_WATER_HOMEOSTASIS_VIA_AQUAPORINS",761
"357","REACTOME_G_ALPHA_S_SIGNALLING_EVENTS",713
"358","REACTOME_ACTIVATION_OF_ANTERIOR_HOX_GENES_IN_HINDBRAIN_DEVELOPMENT_DURING_EARLY_EMBRYOGENESIS",909
"359","REACTOME_G_ALPHA_Z_SIGNALLING_EVENTS",716
"360","KEGG_METABOLISM_OF_XENOBIOTICS_BY_CYTOCHROME_P450",1698
"361","REACTOME_HCMV_INFECTION",1473
"362","KEGG_TIGHT_JUNCTION",1743
"363","REACTOME_METABOLISM_OF_RNA",1322
"364","REACTOME_PIWI_INTERACTING_RNA_PIRNA_BIOGENESIS",899
"365","REACTOME_CONSTITUTIVE_SIGNALING_BY_LIGAND_RESPONSIVE_EGFR_CANCER_VARIANTS",61
"366","KEGG_OXIDATIVE_PHOSPHORYLATION",1663
"367","REACTOME_ONCOGENE_INDUCED_SENESCENCE",511
"368","REACTOME_MAPK6_MAPK4_SIGNALING",1006
"369","REACTOME_ION_HOMEOSTASIS",897
"370","KEGG_STEROID_HORMONE_BIOSYNTHESIS",1662
"371","KEGG_TGF_BETA_SIGNALING_PATHWAY",1736
"372","REACTOME_INTERACTION_BETWEEN_L1_AND_ANKYRINS",786
"373","KEGG_ALLOGRAFT_REJECTION",1800
"374","REACTOME_TRANSCRIPTIONAL_REGULATION_BY_SMALL_RNAS",895
"375","REACTOME_HIV_LIFE_CYCLE",169
"376","REACTOME_REGULATION_OF_PTEN_STABILITY_AND_ACTIVITY",1310
"377","REACTOME_INTRACELLULAR_SIGNALING_BY_SECOND_MESSENGERS",1364
"378","REACTOME_DIGESTION_OF_DIETARY_LIPID",328
"379","REACTOME_AMYLOID_FIBER_FORMATION",1632
"380","REACTOME_MULTIFUNCTIONAL_ANION_EXCHANGERS",747
"381","REACTOME_NUCLEOTIDE_SALVAGE",1327
"382","REACTOME_METABOLISM_OF_WATER_SOLUBLE_VITAMINS_AND_COFACTORS",362
"383","REACTOME_PEXOPHAGY",1533
"384","REACTOME_MINERALOCORTICOID_BIOSYNTHESIS",340
"385","REACTOME_FORMATION_OF_THE_BETA_CATENIN_TCF_TRANSACTIVATING_COMPLEX",385
"386","REACTOME_PHASE_II_CONJUGATION_OF_COMPOUNDS",143
"387","KEGG_PROPANOATE_METABOLISM",1688
"388","REACTOME_TRANSPORT_OF_INORGANIC_CATIONS_ANIONS_AND_AMINO_ACIDS_OLIGOPEPTIDES",735
"389","REACTOME_FERTILIZATION",53
"390","REACTOME_N_GLYCAN_ANTENNAE_ELONGATION_IN_THE_MEDIAL_TRANS_GOLGI",1614
"391","KEGG_SELENOAMINO_ACID_METABOLISM",1679
"392","REACTOME_PHENYLALANINE_METABOLISM",1347
"393","REACTOME_DIGESTION",1286
"394","REACTOME_DEFECTS_IN_BIOTIN_BTN_METABOLISM",574
"395","KEGG_BETA_ALANINE_METABOLISM",1677
"396","REACTOME_BINDING_AND_UPTAKE_OF_LIGANDS_BY_SCAVENGER_RECEPTORS",470
"397","REACTOME_PLATELET_HOMEOSTASIS",709
"398","REACTOME_RUNX1_REGULATES_GENES_INVOLVED_IN_MEGAKARYOCYTE_DIFFERENTIATION_AND_PLATELET_FUNCTION",1288
"399","KEGG_FOCAL_ADHESION",1739
"400","REACTOME_SIGNALING_BY_NUCLEAR_RECEPTORS",1365
"401","REACTOME_DNA_METHYLATION",866
"402","REACTOME_CYTOSOLIC_SULFONATION_OF_SMALL_MOLECULES",145
"403","REACTOME_NEGATIVE_REGULATION_OF_FGFR2_SIGNALING",962
"404","REACTOME_SNRNP_ASSEMBLY",326
"405","REACTOME_FCERI_MEDIATED_NF_KB_ACTIVATION",530
"406","REACTOME_ARACHIDONIC_ACID_METABOLISM",455
"407","REACTOME_CELL_DEATH_SIGNALLING_VIA_NRAGE_NRIF_AND_NADE",414
"408","REACTOME_SIGNALING_BY_PDGF",299
"409","REACTOME_NF_KB_IS_ACTIVATED_AND_SIGNALS_SURVIVAL",418
"410","REACTOME_SIGNALING_BY_HEDGEHOG",876
"411","REACTOME_NERVOUS_SYSTEM_DEVELOPMENT",1545
"412","REACTOME_EXTRA_NUCLEAR_ESTROGEN_SIGNALING",1370
"413","REACTOME_HCMV_LATE_EVENTS",1476
"414","REACTOME_LEISHMANIA_INFECTION",1518
"415","REACTOME_RHOA_GTPASE_CYCLE",1354
"416","REACTOME_INHIBITION_OF_DNA_RECOMBINATION_AT_TELOMERE",1539
"417","REACTOME_GLUCOCORTICOID_BIOSYNTHESIS",341
"418","REACTOME_PHENYLALANINE_AND_TYROSINE_METABOLISM",1331
"419","REACTOME_ESR_MEDIATED_SIGNALING",1290
"420","REACTOME_DISEASES_OF_PROGRAMMED_CELL_DEATH",1511
"421","REACTOME_ENOS_ACTIVATION",407
"422","REACTOME_L1CAM_INTERACTIONS",605
"423","REACTOME_UPTAKE_OF_DIETARY_COBALAMINS_INTO_ENTEROCYTES",1620
"424","REACTOME_INFECTIOUS_DISEASE",982
"425","REACTOME_RNA_POLYMERASE_II_PRE_TRANSCRIPTION_EVENTS",1039
