"","names.currentPhenotypeVector.","names.currentCommonPhenotypeVector.","currentPhenotypeVector"
"vs_HLaciJub2","vs_HLaciJub2","Cheetah","Vertivore"
"vs_HLacoCah1","vs_HLacoCah1","Spiny mouse","Omnivore"
"vs_HLailFul2","vs_HLailFul2","Red Panda ","Omnivore"
"vs_HLallBul1","vs_HLallBul1","Gobi jerboa","Omnivore"
"vs_HLaloPal1","vs_HLaloPal1","Howler Monkey","Herbivore"
"vs_HLbeaHun1","vs_HLbeaHun1","Sassabie","Herbivore"
"vs_bisBis1","vs_bisBis1","American Bison","Herbivore"
"vs_HLbubBub2","vs_HLbubBub2","Asian Water Buffalo","Herbivore"
"vs_HLcalJac4","vs_HLcalJac4","Marmoset","Omnivore"
"vs_HLcamDro2","vs_HLcamDro2","One-hump Camel","Herbivore"
"vs_HLcapHir2","vs_HLcapHir2","Domestic goat","Herbivore"
"vs_HLcebAlb1","vs_HLcebAlb1","White-fronted capuchin","Omnivore"
"vs_cebCap1","vs_cebCap1","Colombian white-faced capuchin","Omnivore"
"vs_HLcerNeg1","vs_HLcerNeg1","Guenon","Omnivore"
"vs_chiLan1","vs_chiLan1","Chinchilla","Herbivore"
"vs_chrAsi1","vs_chrAsi1","Cape golden mole","Insectivore"
"vs_colAng1","vs_colAng1","Black-and-white Colobus Monkey","Herbivore"
"vs_conCri1","vs_conCri1","Star-nosed mole","Insectivore"
"vs_HLcraTho1","vs_HLcraTho1","Kitti's Hog-nosed Bat","Insectivore"
"vs_HLcriGam1","vs_HLcriGam1","African Giant Pouched Rats","Omnivore"
"vs_HLcryFer2","vs_HLcryFer2","Fossa","Vertivore"
"vs_HLdasPun1","vs_HLdasPun1","Agouti","Herbivore"
"vs_HLdauMad1","vs_HLdauMad1","Aye-ayes","Omnivore"
"vs_HLdelLeu2","vs_HLdelLeu2","Beluga Whale","Vertivore"
"vs_HLdicSum1","vs_HLdicSum1","Sumatran Rhinoceros","Herbivore"
"vs_HLdicBic1","vs_HLdicBic1","Black Rhinoceros","Herbivore"
"vs_HLdinBra1","vs_HLdinBra1","Pacarana","Herbivore"
"vs_HLdipSte1","vs_HLdipSte1","Stephens Kangaroo Rat","Omnivore"
"vs_echTel2","vs_echTel2","Tenrec","Omnivore"
"vs_HLeidHel2","vs_HLeidHel2","Straw-colored Fruit Bats","Herbivore"
"vs_eleEdw1","vs_eleEdw1","Cape elephant shrew","Insectivore"
"vs_enhLutKen1","vs_enhLutKen1","Sea Otter","Omnivore"
"vs_eriEur2","vs_eriEur2","Hedgehog","Insectivore"
"vs_HLeubJap1","vs_HLeubJap1","North Atlantic Right Whale","Insectivore"
"vs_HLeulFla1","vs_HLeulFla1","Blue-eyed Black Lemur","Omnivore"
"vs_HLgliGli1","vs_HLgliGli1","Fat dormouse","Herbivore"
"vs_gorGor6","vs_gorGor6","Gorilla","Herbivore"
"vs_HLgraMur1","vs_HLgraMur1","African dormouse","Omnivore"
"vs_HLhelPar1","vs_HLhelPar1","Dwarf Mongoose","Insectivore"
"vs_HLhemHyl1","vs_HLhemHyl1","Tahr","Herbivore"
"vs_HLhipArm1","vs_HLhipArm1","Great Roundleaf Bat","Insectivore"
"vs_HLhipGal1","vs_HLhipGal1","Cantor's roundleaf bat","Insectivore"
"vs_HLhyaHya1","vs_HLhyaHya1","Striped hyaena","Vertivore"
"vs_HLkogBre1","vs_HLkogBre1","Dwarf Sperm Whales","Insectivore"
"vs_HLlasBor1","vs_HLlasBor1","Hairy-taled Bats","Insectivore"
"vs_HLlemCat1","vs_HLlemCat1","Ring-tailed Lemur","Herbivore"
"vs_lepWed1","vs_lepWed1","Weddell seal","Vertivore"
"vs_HLlepAme1","vs_HLlepAme1","Hare","Herbivore"
"vs_lipVex1","vs_lipVex1","Chinese River Dolphin","Vertivore"
"vs_HLloxAfr4","vs_HLloxAfr4","Elephant","Herbivore"
"vs_HLmacSob1","vs_HLmacSob1","Long-tongued Fruit Bats","Herbivore"
"vs_HLmanJav1","vs_HLmanJav1","Sunda pangolin","Insectivore"
"vs_HLmanPen2","vs_HLmanPen2","Chinese pangolin","Insectivore"
"vs_HLmelCap1","vs_HLmelCap1","Honey Badger","Omnivore"
"vs_HLmerUng1","vs_HLmerUng1","Jird","Omnivore"
"vs_mesAur1","vs_mesAur1","Golden hamster","Herbivore"
"vs_HLmesBid1","vs_HLmesBid1","Beaked Whale","Insectivore"
"vs_micMur3","vs_micMur3","Mouse Lemur","Omnivore"
"vs_HLmicHir1","vs_HLmicHir1","Little Big-eared Bats","Omnivore"
"vs_HLminNat1","vs_HLminNat1","Natal Long-fingered Bat","Insectivore"
"vs_HLminSch1","vs_HLminSch1","Common Bent-wing Bat","Insectivore"
"vs_monDom5","vs_monDom5","Opossum","Omnivore"
"vs_HLmorBla1","vs_HLmorBla1","Leaf-chinned Bats","Insectivore"
"vs_HLmunMug1","vs_HLmunMug1","Banded mongoose","Insectivore"
"vs_HLmusCar1","vs_HLmusCar1","Ryukyu mouse","Omnivore"
"vs_HLmusPah1","vs_HLmusPah1","Gairdner's shrewmouse","Omnivore"
"vs_HLmyoCoy1","vs_HLmyoCoy1","Nutria","Herbivore"
"vs_myoBra1","vs_myoBra1","Brandt's bat","Insectivore"
"vs_myoDav1","vs_myoDav1","David's myotis bat","Insectivore"
"vs_HLmyoLuc1","vs_HLmyoLuc1","Microbat","Insectivore"
"vs_HLmyoMyo6","vs_HLmyoMyo6","Greater mouse-eared bat","Insectivore"
"vs_HLnycCou1","vs_HLnycCou1","Slow Loris","Omnivore"
"vs_HLodoRos1","vs_HLodoRos1","Pacific walrus","Insectivore"
"vs_HLonyTor1","vs_HLonyTor1","Southern grasshopper mouse","Insectivore"
"vs_orcOrc1","vs_orcOrc1","Killer whale","Vertivore"
"vs_HLoryCun3","vs_HLoryCun3","Rabbit","Herbivore"
"vs_HLoviAri5","vs_HLoviAri5","Domestic sheep","Herbivore"
"vs_HLoviCan2","vs_HLoviCan2","Bighorn sheep","Herbivore"
"vs_panTig1","vs_panTig1","Tiger","Vertivore"
"vs_HLpipPip1","vs_HLpipPip1","Pipistrelles","Insectivore"
"vs_HLpitPit1","vs_HLpitPit1","Saki","Omnivore"
"vs_proCoq1","vs_proCoq1","Sifakas","Herbivore"
"vs_ptePar1","vs_ptePar1","Mustache Bat","Insectivore"
"vs_HLpteBra1","vs_HLpteBra1","Giant Otter","Vertivore"
"vs_pteAle1","vs_pteAle1","Black flying-fox","Herbivore"
"vs_HLpumCon1","vs_HLpumCon1","Puma","Vertivore"
"vs_HLpygNem1","vs_HLpygNem1","Douc Langur","Herbivore"
"vs_HLrhiSin1","vs_HLrhiSin1","Horseshoe Bats","Omnivore"
"vs_HLrhiRox2","vs_HLrhiRox2","Golden Snub-nosed Langur ","Herbivore"
"vs_HLsagImp1","vs_HLsagImp1","Long-tusked Tamarins","Omnivore"
"vs_HLsaiBol1","vs_HLsaiBol1","Squirrel monkey","Omnivore"
"vs_HLsarHar2","vs_HLsarHar2","Tasmanian devil","Omnivore"
"vs_HLscaAqu1","vs_HLscaAqu1","Eastern American Mole","Insectivore"
"vs_HLsigHis1","vs_HLsigHis1","Cotton Rat","Omnivore"
"vs_susScr11","vs_susScr11","Pig","Omnivore"
"vs_HLtadBra1","vs_HLtadBra1","Free-tailed Bats","Insectivore"
"vs_HLtapInd1","vs_HLtapInd1","Malayan Tapir","Herbivore"
"vs_HLtonSau1","vs_HLtonSau1","Round-eared Bats","Insectivore"
"vs_HLtraJav1","vs_HLtraJav1","Asiatic Mouse Deer","Herbivore"
"vs_triMan1","vs_triMan1","Manatee","Herbivore"
"vs_HLturTru3","vs_HLturTru3","Bottle-nose Dolphin","Vertivore"
"vs_HLuroGra1","vs_HLuroGra1","Asiatic Shrew Mole (Sichuan and Yunnan)","Insectivore"
"vs_ursMar1","vs_ursMar1","Polar Bear","Vertivore"
"vs_HLxerIna1","vs_HLxerIna1","African Ground Squirrel","Omnivore"
"vs_HLzapHud1","vs_HLzapHud1","Jumping Mouse","Omnivore"
"vs_HLzipCav1","vs_HLzipCav1","Goose-beaked Whale","Insectivore"
"vs_HLacoRus1","vs_HLacoRus1","Golden spiny mouse","Omnivore"
"vs_HLaepMel1","vs_HLaepMel1","Impala","Herbivore"
"vs_HLalcAlc1","vs_HLalcAlc1","Moose","Herbivore"
"vs_HLallNig1","vs_HLallNig1","Allen's swamp monkey","Omnivore"
"vs_HLantFla1","vs_HLantFla1","Yellow-footed antechinus","Insectivore"
"vs_HLapoSyl1","vs_HLapoSyl1","Wood mouse","Omnivore"
"vs_HLarvNil1","vs_HLarvNil1","African grass rat","Herbivore"
"vs_HLaxiPor1","vs_HLaxiPor1","Indian hog deer","Herbivore"
"vs_HLbalEde1","vs_HLbalEde1","Bryde's whale","Omnivore"
"vs_HLbalMus1","vs_HLbalMus1","Blue whale","Insectivore"
"vs_HLbasSum1","vs_HLbasSum1","Cacomistle","Omnivore"
"vs_HLbosGru1","vs_HLbosGru1","Domestic yak","Herbivore"
"vs_HLcalPym1","vs_HLcalPym1","Pygmy Marmoset","Omnivore"
"vs_HLcapSib1","vs_HLcapSib1","Siberian ibex","Herbivore"
"vs_HLcerMon1","vs_HLcerMon1","Mona monkey","Omnivore"
"vs_HLchoDid1","vs_HLchoDid1","Linnaeus's two-toed sloth","Omnivore"
"vs_HLdidVir1","vs_HLdidVir1","Virginia opossum","Omnivore"
"vs_HLeriBar1","vs_HLeriBar1","Bearded seal","Omnivore"
"vs_HLgloMel1","vs_HLgloMel1","Long-finned pilot whale","Insectivore"
"vs_HLgraAgi1","vs_HLgraAgi1","Agile gracile opossum","Omnivore"
"vs_HLgulGul1","vs_HLgulGul1","Wolverine","Omnivore"
"vs_HLhalGry1","vs_HLhalGry1","Grey seal","Vertivore"
"vs_HLhetBru1","vs_HLhetBru1","Yellow-spotted rock hyrax","Herbivore"
"vs_HLhipEqu1","vs_HLhipEqu1","Roan antelope","Herbivore"
"vs_HLkobLecLec1","vs_HLkobLecLec1","Red Lechwe","Herbivore"
"vs_HLlagObl1","vs_HLlagObl1","Pacific white-sided dolphin","Vertivore"
"vs_HLlepYer1","vs_HLlepYer1","Lesser long-nosed bat","Omnivore"
"vs_HLlonCan1","vs_HLlonCan1","North American river otter","Vertivore"
"vs_HLlynCan1","vs_HLlynCan1","Canada lynx","Vertivore"
"vs_HLmacFul1","vs_HLmacFul1","Western grey kangaroo","Herbivore"
"vs_HLmacGig1","vs_HLmacGig1","Eastern grey kangaroo","Herbivore"
"vs_HLmacCal1","vs_HLmacCal1","California leaf-nosed bat","Omnivore"
"vs_HLmanTri1","vs_HLmanTri1","Tree pangolin Old Listing Under Previous Genus","Insectivore"
"vs_HLmarMon1","vs_HLmarMon1","Groundhog","Herbivore"
"vs_HLmarVan1","vs_HLmarVan1","Vancouver Island marmot","Herbivore"
"vs_HLmarZib1","vs_HLmarZib1","Sable","Omnivore"
"vs_HLmasCou1","vs_HLmasCou1","Southern multimammate mouse","Omnivore"
"vs_HLmegNov1","vs_HLmegNov1","Humpback whale","Insectivore"
"vs_HLmicTav1","vs_HLmicTav1","Northern rufous mouse lemur","Omnivore"
"vs_HLmicTal1","vs_HLmicTal1","Talazac's shrew tenrec","Insectivore"
"vs_HLmicFor1","vs_HLmicFor1","Reed vole","Herbivore"
"vs_HLmirLeo1","vs_HLmirLeo1","Southern elephant seal","Omnivore"
"vs_HLmolMol2","vs_HLmolMol2","Velvety free-tailed bat","Insectivore"
"vs_HLmunMun1","vs_HLmunMun1","Southern red muntjac","Herbivore"
"vs_HLmunRee1","vs_HLmunRee1","Reeves's muntjac","Herbivore"
"vs_HLmurAurFea1","vs_HLmurAurFea1","Tube-nosed Insectivorous Bats","Insectivore"
"vs_HLmusSpi1","vs_HLmusSpi1","Steppe mouse","Omnivore"
"vs_HLmusErm1","vs_HLmusErm1","Stoat","Vertivore"
"vs_HLmyoGla2","vs_HLmyoGla2","Bank vole","Omnivore"
"vs_HLmyoSep1","vs_HLmyoSep1","Myotis septentrionalis","Insectivore"
"vs_HLmyrTri1","vs_HLmyrTri1","Giant anteater","Insectivore"
"vs_HLnanGra1","vs_HLnanGra1","Grant's gazelle","Herbivore"
"vs_HLnasNar1","vs_HLnasNar1","White-nosed coati","Omnivore"
"vs_HLneoMos1","vs_HLneoMos1","Suni","Herbivore"
"vs_HLoviNivLyd1","vs_HLoviNivLyd1","Snow sheep","Herbivore"
"vs_HLpepEle1","vs_HLpepEle1","Melon-headed whale","Vertivore"
"vs_HLperCal2","vs_HLperCal2","Peromyscus californicus insignis","Omnivore"
"vs_HLperCri1","vs_HLperCri1","Canyon mouse","Omnivore"
"vs_HLperEre1","vs_HLperEre1","Cactus mouse","Omnivore"
"vs_HLperLeu1","vs_HLperLeu1","White-footed mouse","Omnivore"
"vs_HLperNas1","vs_HLperNas1","Northern rock mouse","Omnivore"
"vs_HLperPol1","vs_HLperPol1","Oldfield mouse","Omnivore"
"vs_HLphaCin1","vs_HLphaCin1","Koala","Herbivore"
"vs_HLphoVit1","vs_HLphoVit1","Harbor seal","Vertivore"
"vs_HLphoSin1","vs_HLphoSin1","Vaquita","Vertivore"
"vs_HLphyDis3","vs_HLphyDis3","Pale spear-nosed bat","Omnivore"
"vs_HLphyCat2","vs_HLphyCat2","Sperm whale","Insectivore"
"vs_HLpipKuh2","vs_HLpipKuh2","Kuhl's pipistrelle","Insectivore"
"vs_HLponBla1","vs_HLponBla1","La Plata dolphin","Vertivore"
"vs_HLpotFla1","vs_HLpotFla1","Kinkajou","Omnivore"
"vs_HLproLot1","vs_HLproLot1","Raccoon","Omnivore"
"vs_HLprzAlb1","vs_HLprzAlb1","Thorold's deer","Herbivore"
"vs_HLpseCor1","vs_HLpseCor1","Plush-coated ringtail possum","Herbivore"
"vs_HLpseCup1","vs_HLpseCup1","Coppery ringtail possum","Herbivore"
"vs_HLpteRuf1","vs_HLpteRuf1","Madagascan flying fox","Herbivore"
"vs_HLratRat7","vs_HLratRat7","Black rat","Omnivore"
"vs_HLredRed1","vs_HLredRed1","Bohor reedbuck","Herbivore"
"vs_HLrhiFer5","vs_HLrhiFer5","Greater horseshoe bat","Insectivore"
"vs_HLrhiPru1","vs_HLrhiPru1","Hoary bamboo rat","Herbivore"
"vs_HLrouLes1","vs_HLrouLes1","Leschenault's rousette","Herbivore"
"vs_HLrouMad1","vs_HLrouMad1","Madagascan rousette","Herbivore"
"vs_HLsciCar1","vs_HLsciCar1","Eastern gray squirrel","Herbivore"
"vs_HLsylGri1","vs_HLsylGri1","Common duiker","Herbivore"
"vs_HLsynCaf1","vs_HLsynCaf1","African buffalo","Herbivore"
"vs_HLtacAcu1","vs_HLtacAcu1","Short-beaked echidna","Insectivore"
"vs_HLtalOcc1","vs_HLtalOcc1","Spanish mole","Insectivore"
"vs_HLtamTet1","vs_HLtamTet1","Southern tamandua","Insectivore"
"vs_HLtaxTax1","vs_HLtaxTax1","American Badger","Vertivore"
"vs_HLtheGel1","vs_HLtheGel1","Gelada","Herbivore"
"vs_HLtraFra1","vs_HLtraFra1","Francois' leaf monkey","Herbivore"
"vs_HLursArc1","vs_HLursArc1","Grizzly bear","Omnivore"
"vs_HLursThi1","vs_HLursThi1","Asian black bear","Omnivore"
"vs_HLvicVicMen1","vs_HLvicVicMen1","Peruvian vicuna","Herbivore"
